Authors,Author full names,Author(s) ID,Title,Year,Source title,Volume,Issue,Art. No.,Page start,Page end,Page count,Cited by,DOI,Link,Document Type,Publication Stage,Open Access,Source,EID
Sulaiman M.H.; Mustaffa Z.; Saealal M.S.; Saari M.M.; Ahmad A.Z.,"Sulaiman, Mohd Herwan (55336854400); Mustaffa, Zuriani (54789967400); Saealal, Muhammad Salihin (36198791300); Saari, Mohd Mawardi (57220107330); Ahmad, Abu Zaharin (55566005900)",55336854400; 54789967400; 36198791300; 57220107330; 55566005900,Utilizing the Kolmogorov-Arnold Networks for chiller energy consumption prediction in commercial building,2024,Journal of Building Engineering,96,,110475,,,,46,10.1016/j.jobe.2024.110475,https://www.scopus.com/inward/record.uri?eid=2-s2.0-85201614070&doi=10.1016%2fj.jobe.2024.110475&partnerID=40&md5=f35283ef476e42bc0719c02dd34a5d12,Article,Final,,Scopus,2-s2.0-85201614070
Suhaimi N.S.; Saari M.M.; Ahmad H.; Mohamed M.R.; Che Lah N.A.,"Suhaimi, Nazatul Sharreena (57211346068); Saari, Mohd Mawardi (57220107330); Ahmad, Hamzah (35304432800); Mohamed, Mohd Rusllim (15072061400); Che Lah, Nurul Akmal (37055955600)",57211346068; 57220107330; 35304432800; 15072061400; 37055955600,A resonant type AC magnetometer for evaluation of magnetic nanoparticles,2018,Lecture Notes in Mechanical Engineering,0,9.78981E+12,,93,99,6,1,10.1007/978-981-10-8788-2_9,https://www.scopus.com/inward/record.uri?eid=2-s2.0-85046245564&doi=10.1007%2f978-981-10-8788-2_9&partnerID=40&md5=cb763ce5bc293876781509c463fc9984,Book chapter,Final,,Scopus,2-s2.0-85046245564
Sulaiman M.H.; Mustaffa Z.; Mohamad A.J.; Saari M.M.; Mohamed M.R.,"Sulaiman, Mohd Herwan (55336854400); Mustaffa, Zuriani (54789967400); Mohamad, Ahmad Johari (55661950400); Saari, Mohd Mawardi (57220107330); Mohamed, Mohd Rusllim (15072061400)",55336854400; 54789967400; 55661950400; 57220107330; 15072061400,Optimal power flow with stochastic solar power using barnacles mating optimizer,2021,International Transactions on Electrical Energy Systems,31,5,e12858,,,,33,10.1002/2050-7038.12858,https://www.scopus.com/inward/record.uri?eid=2-s2.0-85104927542&doi=10.1002%2f2050-7038.12858&partnerID=40&md5=8b7fa98bca2430c2392ca76b59bd2ef6,Article,Final,,Scopus,2-s2.0-85104927542
Sulaiman M.H.; Mustaffa Z.; Saari M.M.; Ibrahim O.,"Sulaiman, Mohd Herwan (55336854400); Mustaffa, Zuriani (54789967400); Saari, Mohd Mawardi (57220107330); Ibrahim, Oladimeji (56888507100)",55336854400; 54789967400; 57220107330; 56888507100,Wind power generation prediction utilizing Kolmogorov-Arnold networks,2025,Engineering Research Express,7,2,25335,,,,2,10.1088/2631-8695/add0f8,https://www.scopus.com/inward/record.uri?eid=2-s2.0-105005145414&doi=10.1088%2f2631-8695%2fadd0f8&partnerID=40&md5=c4657506cb32a5feb2fc2f94d120931d,Article,Final,,Scopus,2-s2.0-105005145414
Zaini M.A.H.P.; Saari M.M.; Nadzri N.A.; Aziz Z.,"Zaini, Mohd Aufa Hadi Putera (57207994127); Saari, Mohd Mawardi (57220107330); Nadzri, Nurul A'in (57201859397); Aziz, Zulkifly (57220106807)",57207994127; 57220107330; 57201859397; 57220106807,Detection of crack on a mild steel plate by using a magnetic probe incorporating an array of fluxgate sensors,2023,Materials Today: Proceedings,109,,,74,80,6,5,10.1016/j.matpr.2023.06.428,https://www.scopus.com/inward/record.uri?eid=2-s2.0-85178900305&doi=10.1016%2fj.matpr.2023.06.428&partnerID=40&md5=51e0e9ca262d28c00ad630cc0eee9111,Conference paper,Final,,Scopus,2-s2.0-85178900305
Nadzri N.A.; Saari M.M.; Zaini M.A.H.P.; Halil A.M.; Ishak M.; Tsukada K.,"Nadzri, Nurul A’in (57201859397); Saari, Mohd Mawardi (57220107330); Zaini, Mohd Aufa Hadi Putera (57207994127); Halil, Aiman Mohd (57192875407); Ishak, Mahadzir (55545861661); Tsukada, Keiji (7201442097)",57201859397; 57220107330; 57207994127; 57192875407; 55545861661; 7201442097,Anisotropy magnetoresistance differential probe for characterization of sub-millimeter surface defects on galvanized steel plate,2021,Measurement and Control (United Kingdom),54,9-Oct,,1273,1285,12,9,10.1177/00202940211028618,https://www.scopus.com/inward/record.uri?eid=2-s2.0-85110252171&doi=10.1177%2f00202940211028618&partnerID=40&md5=727471a5bcfaf4cfaaf2d9ffd1264073,Article,Final,All Open Access; Gold Open Access; Green Open Access,Scopus,2-s2.0-85110252171
Ahmad H.; Mohamad Pajeri A.N.F.; Othman N.A.; Saari M.M.; Ramli M.S.,"Ahmad, Hamzah (35304432800); Mohamad Pajeri, Ahmad Nuur Fakhrullah (57208002888); Othman, Nur Aqilah (56028974800); Saari, Mohd Mawardi (57220107330); Ramli, Mohd Syakirin (26435494400)",35304432800; 57208002888; 56028974800; 57220107330; 26435494400,Analysis of Mobile Robot Path Planning with Artificial Potential Fields,2019,Lecture Notes in Electrical Engineering,538,,,181,196,15,3,10.1007/978-981-13-3708-6_16,https://www.scopus.com/inward/record.uri?eid=2-s2.0-85063513121&doi=10.1007%2f978-981-13-3708-6_16&partnerID=40&md5=6f45a808202c3255087af5fa1cc9d3dd,Conference paper,Final,,Scopus,2-s2.0-85063513121
Ahmad H.; Othman N.A.; Saari M.M.; Ramli M.S.; Mazlan M.B.M.; Namerikawa T.,"Ahmad, Hamzah (35304432800); Othman, Nur Aqilah (56028974800); Saari, Mohd Mawardi (57220107330); Ramli, Mohd Syakirin (26435494400); Mazlan, Maziatun Binti Mohamad (57207471240); Namerikawa, T. (6701872937)",35304432800; 56028974800; 57220107330; 26435494400; 57207471240; 6701872937,A hypothesis of state covariance decorrelation effects to partial observability SLAM,2019,Indonesian Journal of Electrical Engineering and Computer Science,14,2,,588,596,8,5,10.11591/ijeecs.v14.i2.pp588-596,https://www.scopus.com/inward/record.uri?eid=2-s2.0-85062548806&doi=10.11591%2fijeecs.v14.i2.pp588-596&partnerID=40&md5=aa1333046c5b0f4f5cc239183b775135,Article,Final,All Open Access; Gold Open Access,Scopus,2-s2.0-85062548806
Zaini M.A.H.P.; Saari M.M.; Nadzri N.A.; Halil A.M.; Hanifah A.J.S.; Tsukada K.,"Zaini, M.A.H.P. (57207994127); Saari, M.M. (57220107330); Nadzri, N.A. (57201859397); Halil, A.M. (57192875407); Hanifah, A.J.S. (57216314454); Tsukada, K. (7201442097)",57207994127; 57220107330; 57201859397; 57192875407; 57216314454; 7201442097,Evaluation of back-side slits with sub-millimeter resolution using a differential amr probe,2021,Lecture Notes in Electrical Engineering,666,,,319,328,9,2,10.1007/978-981-15-5281-6_22,https://www.scopus.com/inward/record.uri?eid=2-s2.0-85088537357&doi=10.1007%2f978-981-15-5281-6_22&partnerID=40&md5=064df86dee67f1079ed8920fe43a83a6,Conference paper,Final,,Scopus,2-s2.0-85088537357
Zaini M.A.H.P.; Saari M.M.; Nadzri N.A.; Halil A.M.; Hanifah A.J.S.; Ishak M.,"Zaini, M.A.H.P. (57207994127); Saari, M.M. (57220107330); Nadzri, N.A. (57201859397); Halil, A.M. (57192875407); Hanifah, A.J.S. (57216314454); Ishak, M. (55545861661)",57207994127; 57220107330; 57201859397; 57192875407; 57216314454; 55545861661,Effect of Excitation Frequency on Magnetic Response Induced by Front- and Back-Side Slits Measured by a Differential AMR Sensor Probe,2020,Lecture Notes in Electrical Engineering,632,,,15,24,9,2,10.1007/978-981-15-2317-5_2,https://www.scopus.com/inward/record.uri?eid=2-s2.0-85083079049&doi=10.1007%2f978-981-15-2317-5_2&partnerID=40&md5=06b0eaf643fc304cb42774ed0471f75c,Conference paper,Final,,Scopus,2-s2.0-85083079049
Saari M.M.; Razak A.Z.I.; Zain M.A.H.P.; Nadzri N.A.; Daud M.R.; Ahmad H.,"Saari, Mohd Mawardi (57220107330); Razak, Ahmad Zahir Irsyad (57216313086); Zain, Mohd Aufa Hadi Putera (57192871255); Nadzri, Nurul A’in (57201859397); Daud, Mohd Razali (57004537100); Ahmad, Hamzah (35304432800)",57220107330; 57216313086; 57192871255; 57201859397; 57004537100; 35304432800,Development of AC and DC Drive Coils for a Small Volume Magnetic Particle Imaging System,2020,Lecture Notes in Electrical Engineering,632,,,101,111,10,0,10.1007/978-981-15-2317-5_10,https://www.scopus.com/inward/record.uri?eid=2-s2.0-85083079324&doi=10.1007%2f978-981-15-2317-5_10&partnerID=40&md5=3aaa91962bbc0a082c167f0017e76b91,Conference paper,Final,,Scopus,2-s2.0-85083079324
Ahmad H.; Othman N.A.; Noh M.M.; Zain Z.M.; Saari M.M.,"Ahmad, Hamzah (35304432800); Othman, Nur Aqilah (56028974800); Noh, Maziyah Mat (38862484200); Zain, Zainah Md (24463956900); Saari, Mohd Mawardi (57220107330)",35304432800; 56028974800; 38862484200; 24463956900; 57220107330,An Adaptive Estimation Technique for Finite Escape Time Issue in Mobile Robot Navigation,2023,"2023 IEEE 11th Conference on Systems, Process and Control, ICSPC 2023 - Proceedings",,,,205,209,4,1,10.1109/ICSPC59664.2023.10420281,https://www.scopus.com/inward/record.uri?eid=2-s2.0-85186665135&doi=10.1109%2fICSPC59664.2023.10420281&partnerID=40&md5=241b1380ed3717fba82ebdf2f9ca70c7,Conference paper,Final,,Scopus,2-s2.0-85186665135
Saari M.M.; Nadzri N.A.; Zaini M.A.H.P.; Sulaiman M.H.; Kiwa T.,"Saari, Mohd Mawardi (57220107330); Nadzri, Nurul A’in (57201859397); Zaini, Mohd Aufa Hadi Putera (57207994127); Sulaiman, Mohd Herwan (55336854400); Kiwa, Toshihiko (6603908017)",57220107330; 57201859397; 57207994127; 55336854400; 6603908017,A Circular Eddy Current Probe Using Miniature Fluxgates for Multi-Orientation Slit Evaluation in Steel Components,2023,Russian Journal of Nondestructive Testing,59,8,,902,914,12,5,10.1134/S1061830923600417,https://www.scopus.com/inward/record.uri?eid=2-s2.0-85174322163&doi=10.1134%2fS1061830923600417&partnerID=40&md5=e460b30c4f29dfb4b18a7dbcd35e8dbe,Article,Final,,Scopus,2-s2.0-85174322163
Zaini M.A.H.P.; Saari M.M.; Nadzri N.A.; Aziz Z.,"Zaini, Mohd Aufa Hadi Putera (57207994127); Saari, Mohd Mawardi (57220107330); Nadzri, Nurul A’in (57201859397); Aziz, Zulkifly (57220106807)",57207994127; 57220107330; 57201859397; 57220106807,A Digital Dual-Phase Lock-In Amplifier for MFL and ECT NDT Applications,2022,Lecture Notes in Electrical Engineering,842,,,989,997,8,1,10.1007/978-981-16-8690-0_86,https://www.scopus.com/inward/record.uri?eid=2-s2.0-85126925393&doi=10.1007%2f978-981-16-8690-0_86&partnerID=40&md5=ed867f8637cc761bdfddd9acc528e2b6,Conference paper,Final,,Scopus,2-s2.0-85126925393
Che Abdul Ghani S.; Abdul Wahab Y.; Abu Talip Yusof N.; Saari M.M.; Abdul Karim R.; Zakaria N.F.; Wahidah Arshad N.; Daud M.R.,"Che Abdul Ghani, Shahrulazlan (57546717400); Abdul Wahab, Yasmin (57193422873); Abu Talip Yusof, Nurhafizah (57208004036); Saari, Mohd Mawardi (57220107330); Abdul Karim, Rohana (58292333000); Zakaria, Nor Farizan (55616130000); Wahidah Arshad, Nurul (57208674645); Daud, Mohd Razali (57004537100)",57546717400; 57193422873; 57208004036; 57220107330; 58292333000; 55616130000; 57208674645; 57004537100,Development of IoT Based Smart Sorting Recycle Bin Using Raspberry Pi3 B+,2022,Lecture Notes in Electrical Engineering,842,,,693,703,10,0,10.1007/978-981-16-8690-0_61,https://www.scopus.com/inward/record.uri?eid=2-s2.0-85126919037&doi=10.1007%2f978-981-16-8690-0_61&partnerID=40&md5=94d12ba104517ea67312143be8480ebc,Conference paper,Final,,Scopus,2-s2.0-85126919037
Nadzri N.A.; Saari M.M.; Zaini M.A.H.P.; Aziz Z.A.,"Nadzri, Nurul A'in (57201859397); Saari, Mohd Mawardi (57220107330); Zaini, Mohd Aufa Hadi Putera (57207994127); Aziz, Zulkifly Ab (57220106807)",57201859397; 57220107330; 57207994127; 57220106807,Detection of Vertical and Horizontal Crack in Steel Structure Using a Circular Eddy Current Testing Probe,2024,AIP Conference Proceedings,2998,1,60010,,,,1,10.1063/5.0190383,https://www.scopus.com/inward/record.uri?eid=2-s2.0-85188329720&doi=10.1063%2f5.0190383&partnerID=40&md5=c9f3adc3aefa2531e76e32e91378f0ba,Conference paper,Final,All Open Access; Bronze Open Access,Scopus,2-s2.0-85188329720
Hadi Putera Zaini M.A.; Mawardi Saari M.; Nadzri N.A.; Mohd Halil A.; Tsukada K.,"Hadi Putera Zaini, Mohd Aufa (57207994127); Mawardi Saari, Mohd (57220107330); Nadzri, Nurul Arin (57201859397); Mohd Halil, Aiman (57192875407); Tsukada, Keiji (7201442097)",57207994127; 57220107330; 57201859397; 57192875407; 7201442097,An MFL Probe using Shiftable Magnetization Angle for Front and Back Side Crack Evaluation,2019,"Proceedings - 2019 IEEE 15th International Colloquium on Signal Processing and its Applications, CSPA 2019",,,8696064,157,161,4,11,10.1109/CSPA.2019.8696064,https://www.scopus.com/inward/record.uri?eid=2-s2.0-85065466971&doi=10.1109%2fCSPA.2019.8696064&partnerID=40&md5=7201d6fb1628bd8a7b2eec1ada68e712,Conference paper,Final,,Scopus,2-s2.0-85065466971
Sulaiman M.H.; Mustaffa Z.; Saari M.M.; Daniyal H.,"Sulaiman, Mohd Herwan (55336854400); Mustaffa, Zuriani (54789967400); Saari, Mohd Mawardi (57220107330); Daniyal, Hamdan (57191624414)",55336854400; 54789967400; 57220107330; 57191624414,Barnacles Mating Optimizer: A new bio-inspired algorithm for solving engineering optimization problems,2020,Engineering Applications of Artificial Intelligence,87,,103330,,,,374,10.1016/j.engappai.2019.103330,https://www.scopus.com/inward/record.uri?eid=2-s2.0-85074665864&doi=10.1016%2fj.engappai.2019.103330&partnerID=40&md5=56d705ac4450d8d8930a8f055cde4507,Article,Final,,Scopus,2-s2.0-85074665864
Tsukada K.; Hayashi M.; Kawakami T.; Adachi S.; Sakai K.; Kiwa T.; Ishikawa T.; Saari M.M.; Hori K.; Hisazumi K.; Tominaga T.,"Tsukada, Keiji (7201442097); Hayashi, Minoru (57202781155); Kawakami, Taisei (57221706415); Adachi, Shoya (57457601400); Sakai, Kenji (55453019800); Kiwa, Toshihiko (6603908017); Ishikawa, Toshiyuki (57187497400); Saari, Mohd Mawardi (57220107330); Hori, Kengo (57486278800); Hisazumi, Kazumasa (56303305800); Tominaga, Tomonori (15741606300)",7201442097; 57202781155; 57221706415; 57457601400; 55453019800; 6603908017; 57187497400; 57220107330; 57486278800; 56303305800; 15741606300,Magnetic thickness measurement for various iron steels using magnetic sensor and effect of electromagnetic characteristics,2022,AIP Advances,12,3,35109,,,,5,10.1063/9.0000250,https://www.scopus.com/inward/record.uri?eid=2-s2.0-85126209775&doi=10.1063%2f9.0000250&partnerID=40&md5=23ef4fd72f7f342aced270bcd74da777,Article,Final,All Open Access; Gold Open Access,Scopus,2-s2.0-85126209775
Saari M.M.; Sakai K.; Kiwa T.; Tsukada K.,"Saari, Mohd Mawardi (57220107330); Sakai, Kenji (55453019800); Kiwa, Toshihiko (6603908017); Tsukada, Keiji (7201442097)",57220107330; 55453019800; 6603908017; 7201442097,A sensitive magnetometer utilizing high-T c SQUID for magnetic property characterization,2021,Microsystem Technologies,27,9,,3413,3420,7,4,10.1007/s00542-020-05198-6,https://www.scopus.com/inward/record.uri?eid=2-s2.0-85098484452&doi=10.1007%2fs00542-020-05198-6&partnerID=40&md5=8669a9d3858663a39ff2293ac1bb8c0e,Article,Final,,Scopus,2-s2.0-85098484452
Aziz Z.; Saari M.M.; Sim Yee C.; Hadi Putera Zaini M.A.; A'in Nadzri N.,"Aziz, Zulkifly (57220106807); Saari, Mohd Mawardi (57220107330); Sim Yee, Chin (56374296600); Hadi Putera Zaini, Mohd Aufa (57207994127); A'in Nadzri, Nurul (57201859397)",57220106807; 57220107330; 56374296600; 57207994127; 57201859397,Simulation of Triple Helmholtz Coils for Wireless Power Transfer in Photocatalytic Wastewater Photoreforming,2020,"2020 11th IEEE Control and System Graduate Research Colloquium, ICSGRC 2020 - Proceedings",,,9232548,20,25,5,3,10.1109/ICSGRC49013.2020.9232548,https://www.scopus.com/inward/record.uri?eid=2-s2.0-85096907818&doi=10.1109%2fICSGRC49013.2020.9232548&partnerID=40&md5=790c2e9eec9f45a47d720d087539129c,Conference paper,Final,,Scopus,2-s2.0-85096907818
Nadzri N.A.; Saari M.M.; Zaini M.A.H.P.; Halil A.M.; Hanifah A.J.S.; Ishak M.,"Nadzri, N.A. (57201859397); Saari, M.M. (57220107330); Zaini, M.A.H.P. (57207994127); Halil, A.M. (57192875407); Hanifah, A.J.S. (57216314454); Ishak, M. (55545861661)",57201859397; 57220107330; 57207994127; 57192875407; 57216314454; 55545861661,Depth Evaluation of Slits on Galvanized Steel Plate Using a Low Frequency Eddy Current Probe,2020,Lecture Notes in Electrical Engineering,632,,,59,66,7,2,10.1007/978-981-15-2317-5_6,https://www.scopus.com/inward/record.uri?eid=2-s2.0-85083079699&doi=10.1007%2f978-981-15-2317-5_6&partnerID=40&md5=237c6336982c731848573138aab56de6,Conference paper,Final,,Scopus,2-s2.0-85083079699
Aziz Z.; Saari M.M.; Zaini M.A.H.P.; Nadzri N.A.; Yee C.S.,"Aziz, Zulkifly (57220106807); Saari, Mohd Mawardi (57220107330); Zaini, Mohd Aufa Hadi Putera (57207994127); Nadzri, Nurul A'In (57201859397); Yee, Chin Sim (56374296600)",57220106807; 57220107330; 57207994127; 57201859397; 56374296600,Mutual Inductance Estimation for Asymmetrical Coupler with Multiple Transmit Coils,2022,"2022 IEEE 18th International Colloquium on Signal Processing and Applications, CSPA 2022 - Proceeding",,,,182,186,4,0,10.1109/CSPA55076.2022.9781866,https://www.scopus.com/inward/record.uri?eid=2-s2.0-85132752129&doi=10.1109%2fCSPA55076.2022.9781866&partnerID=40&md5=27d5470fd32bcc37f286b40ccfa0f500,Conference paper,Final,,Scopus,2-s2.0-85132752129
Sulaiman M.H.; Mustaffa Z.; Aliman O.; Saari M.M.,"Sulaiman, Mohd Herwan (55336854400); Mustaffa, Zuriani (54789967400); Aliman, Omar (24733710900); Saari, Mohd Mawardi (57220107330)",55336854400; 54789967400; 24733710900; 57220107330,Improved Barnacles Mating Optimizer for Loss Minimization Problem in Optimal Reactive Power Dispatch,2023,"13th IEEE Symposium on Computer Applications and Industrial Electronics, ISCAIE 2023",,,,51,55,4,2,10.1109/ISCAIE57739.2023.10165315,https://www.scopus.com/inward/record.uri?eid=2-s2.0-85165157254&doi=10.1109%2fISCAIE57739.2023.10165315&partnerID=40&md5=cd6421d5bae139cb9870f5159baa348b,Conference paper,Final,,Scopus,2-s2.0-85165157254
Sulaiman M.H.; Mustaffa Z.; Saari M.M.; Daniyal H.; Mirjalili S.,"Sulaiman, Mohd Herwan (55336854400); Mustaffa, Zuriani (54789967400); Saari, Mohd Mawardi (57220107330); Daniyal, Hamdan (57191624414); Mirjalili, Seyedali (51461922300)",55336854400; 54789967400; 57220107330; 57191624414; 51461922300,Evolutionary mating algorithm,2023,Neural Computing and Applications,35,1,,487,516,29,62,10.1007/s00521-022-07761-w,https://www.scopus.com/inward/record.uri?eid=2-s2.0-85138171273&doi=10.1007%2fs00521-022-07761-w&partnerID=40&md5=9aad54ae14b409d87a6c306804d0320e,Article,Final,,Scopus,2-s2.0-85138171273
Saari M.M.; Che Lah N.A.; Sakai K.; Kiwa T.; Tsukada K.,"Saari, Mohd Mawardi (57220107330); Che Lah, Nurul Akmal (37055955600); Sakai, Kenji (55453019800); Kiwa, Toshihiko (6603908017); Tsukada, Keiji (7201442097)",57220107330; 37055955600; 55453019800; 6603908017; 7201442097,Harmonics distribution of iron oxide nanoparticles solutions under diamagnetic background,2018,Journal of Magnetism and Magnetic Materials,452,,,145,152,7,9,10.1016/j.jmmm.2017.12.054,https://www.scopus.com/inward/record.uri?eid=2-s2.0-85038818505&doi=10.1016%2fj.jmmm.2017.12.054&partnerID=40&md5=09296ea3e917da0bc1100c524ff6883d,Article,Final,,Scopus,2-s2.0-85038818505
Wahdain S.S.; Mohamed A.I.; Saari M.M.; Daud M.R.; Jamil M.K.M.,"Wahdain, Samer S. (57226567659); Mohamed, A.I. (53984855400); Saari, Mohd Mawardi (57220107330); Daud, Mohd Razali (57004537100); Jamil, Mohamad Kamarol Mohd (57220854523)",57226567659; 53984855400; 57220107330; 57004537100; 57220854523,"Investigation of Static Voltage Accumulation on Wind Turbine Blade in Atmospheric Wind speed Humidity and Temperature; [Badanie akumulacji napięcia statycznego na łopatach turbiny wiatrowej przy prędkości wiatru atmosferycznego, wilgotności i temperaturze]",2023,Przeglad Elektrotechniczny,2023,6,,175,180,5,2,10.15199/48.2023.06.36,https://www.scopus.com/inward/record.uri?eid=2-s2.0-85164490482&doi=10.15199%2f48.2023.06.36&partnerID=40&md5=d6c7920506fa343722ef4aeb95242f08,Article,Final,,Scopus,2-s2.0-85164490482
Saari M.M.; Aufa Hadi Putera Zaini M.; Herwan Sulaiman M.; Salihin Samsudin A.; Kiwa T.,"Saari, Mohd Mawardi (57220107330); Aufa Hadi Putera Zaini, Mohd (59309226000); Herwan Sulaiman, Mohd (55336854400); Salihin Samsudin, Ahmad (59308710500); Kiwa, Toshihiko (6603908017)",57220107330; 59309226000; 55336854400; 59308710500; 6603908017,Defect Evaluation in Mild Steel Plate Using Harmonic Ratio Induced by Square Wave Excitation Field and Nonlinear Magnetization,2024,IEEE Transactions on Magnetics,60,9,6200505,,,,0,10.1109/TMAG.2024.3420948,https://www.scopus.com/inward/record.uri?eid=2-s2.0-85197558918&doi=10.1109%2fTMAG.2024.3420948&partnerID=40&md5=b003a26dd1027629744e8abf738328e8,Article,Final,,Scopus,2-s2.0-85197558918
Sarudin M.A.; Wahab Y.A.; Yusof N.A.T.; Saari M.M.; Aw S.R.; Bakar M.S.; Arshad N.W.; Yu S.Y.,"Sarudin, Muhammad Aiqil (59756203900); Wahab, Yasmin Abdul (57193422873); Yusof, Nurhafizah Abu Talip (57208004036); Saari, Mohd Mawardi (57220107330); Aw, Suzanna Ridzuan (56024176600); Bakar, Mohd Shafie (8625937000); Arshad, Nurul Wahidah (57208674645); Yu, Sia Yee (58659120400)",59756203900; 57193422873; 57208004036; 57220107330; 56024176600; 8625937000; 57208674645; 58659120400,Modeling and Simulation of an ECT Sensor for Non-invasive Agarwood Inspection,2025,Communications in Computer and Information Science,2483 CCIS,,,281,294,13,0,10.1007/978-981-96-4613-5_21,https://www.scopus.com/inward/record.uri?eid=2-s2.0-105003629956&doi=10.1007%2f978-981-96-4613-5_21&partnerID=40&md5=fb1337c22a29b96a97a2f228c6309135,Conference paper,Final,,Scopus,2-s2.0-105003629956
Mazuki N.F.; Kufian M.Z.; Saari M.M.; Samsudin A.S.,"Mazuki, N.F. (57204005530); Kufian, M.Z. (18434075000); Saari, Mohd Mawardi (57220107330); Samsudin, A.S. (54893526100)",57204005530; 18434075000; 57220107330; 54893526100,Influencing of [EDIMP]TFSI in PMMA-PLA doped LiTFSI based hybrid gel polymer electrolyte on the variation in crystallinity phase and ionic conduction properties,2023,Journal of Non-Crystalline Solids,621,,122634,,,,5,10.1016/j.jnoncrysol.2023.122634,https://www.scopus.com/inward/record.uri?eid=2-s2.0-85171458124&doi=10.1016%2fj.jnoncrysol.2023.122634&partnerID=40&md5=8f65bcf4d1e32351bcbdd326113325a9,Article,Final,,Scopus,2-s2.0-85171458124
Aziz Z.; Saari M.M.; Yee C.S.; Zaini M.A.H.P.; Nadzri N.A.,"Aziz, Zulkifly (57220106807); Saari, Mohd Mawardi (57220107330); Yee, Chin Sim (56374296600); Zaini, Mohd Aufa Hadi Putera (57207994127); Nadzri, Nurul A'In (57201859397)",57220106807; 57220107330; 56374296600; 57207994127; 57201859397,Braiding Uniform Magnetic Field Inside a Cylindrical Reactor for Photocatalytic Reforming of Petrochemical Wastewater,2020,"ETCCE 2020 - International Conference on Emerging Technology in Computing, Communication and Electronics",,,9350888,,,,1,10.1109/ETCCE51779.2020.9350888,https://www.scopus.com/inward/record.uri?eid=2-s2.0-85102055143&doi=10.1109%2fETCCE51779.2020.9350888&partnerID=40&md5=4423d068f9e47988c7adb66d9a373fb2,Conference paper,Final,,Scopus,2-s2.0-85102055143
Saari M.M.; Zaini M.A.H.P.; Sulaiman M.H.; Samsudin A.S.; Kiwa T.,"Saari, Mohd Mawardi (57220107330); Zaini, Mohd Aufa Hadi Putera (57207994127); Sulaiman, Mohd Herwan (55336854400); Samsudin, Ahmad Salihin (54893526100); Kiwa, Toshihiko (6603908017)",57220107330; 57207994127; 55336854400; 54893526100; 6603908017,Defect Evaluation in Mild Steel Plate Using Harmonic Ratio Induced by Square Wave Excitation Field and Nonlinear Magnetization,2024,"2024 IEEE International Magnetic Conference - Short Papers, INTERMAG Short Papers 2024 - Proceedings",,,,,,,0,10.1109/INTERMAGShortPapers61879.2024.10576832,https://www.scopus.com/inward/record.uri?eid=2-s2.0-85198941080&doi=10.1109%2fINTERMAGShortPapers61879.2024.10576832&partnerID=40&md5=0def004be59d8af1c3ae53b19e0984a6,Conference paper,Final,,Scopus,2-s2.0-85198941080
Sulaiman M.H.; Mustaffa Z.; Saari M.M.; Mohamad A.J.,"Sulaiman, Mohd Herwan (55336854400); Mustaffa, Zuriani (54789967400); Saari, Mohd Mawardi (57220107330); Mohamad, Ahmad Johari (55661950400)",55336854400; 54789967400; 57220107330; 55661950400,Barnacles Mating Optimizer for Loss Minimization of Optimal Reactive Power Dispatch,2022,Przeglad Elektrotechniczny,98,2,,59,63,4,1,10.15199/48.2022.02.12,https://www.scopus.com/inward/record.uri?eid=2-s2.0-85124262711&doi=10.15199%2f48.2022.02.12&partnerID=40&md5=bb8a97b97e3c384d98eedb264109212c,Article,Final,,Scopus,2-s2.0-85124262711
Ahmad H.; Mohd N.S.; Othman N.A.; Saari M.M.; Ramli M.S.,"Ahmad, Hamzah (35304432800); Mohd, Nurul Syafiqah (57220351816); Othman, Nur Aqilah (56028974800); Saari, Mohd Mawardi (57220107330); Ramli, Mohd Syakirin (26435494400)",35304432800; 57220351816; 56028974800; 57220107330; 26435494400,Design and Development of Wearable Human Activity Recognition for Healthcare Monitoring,2020,Lecture Notes in Electrical Engineering,632,,,323,332,9,0,10.1007/978-981-15-2317-5_27,https://www.scopus.com/inward/record.uri?eid=2-s2.0-85083075661&doi=10.1007%2f978-981-15-2317-5_27&partnerID=40&md5=fd3d38aa9532d000c1847eda95c0cc9a,Conference paper,Final,,Scopus,2-s2.0-85083075661
Saari M.M.; Nadzri N.A.; Zaini M.A.H.P.; Ramlan N.H.; Tsukada K.,"Saari, Mohd Mawardi (57220107330); Nadzri, Nurul Ain (57201859397); Zaini, Mohd Aufa Hadi Putera (57207994127); Ramlan, Nur Huda (56453249000); Tsukada, Keiji (7201442097)",57220107330; 57201859397; 57207994127; 56453249000; 7201442097,A Low-Frequency Eddy Current Probe Based on Miniature Fluxgate Array for Defect Evaluation in Steel Components,2022,IEEE Transactions on Magnetics,58,2,,,,,11,10.1109/TMAG.2021.3076441,https://www.scopus.com/inward/record.uri?eid=2-s2.0-85105578817&doi=10.1109%2fTMAG.2021.3076441&partnerID=40&md5=a7529f654eef17787444b4034c75ed9c,Article,Final,,Scopus,2-s2.0-85105578817
Man A.E.C.; Wahab Y.A.; TalipYusof N.A.; Aw S.R.; Saari M.M.; Rahim R.A.; Yu S.Y.,"Man, Ain Eazriena Che (58659322100); Wahab, Yasmin Abdul (57193422873); TalipYusof, Nurhafizah Abu (57208004036); Aw, Suzanna Ridzuan (56024176600); Saari, Mohd Mawardi (57220107330); Rahim, Ruzairi Abdul (6603216756); Yu, Sia Yee (58659120400)",58659322100; 57193422873; 57208004036; 56024176600; 57220107330; 6603216756; 58659120400,SIMULATION OF FREQUENCY SELECTION FOR INVASIVE APPROACH OF ELECTRICAL CAPACITANCE TOMOGRAPHY FOR CONDUCTING PIPE APPLICATION USING OIL-GAS REGIMES,2022,IET Conference Proceedings,2022,22,,63,68,5,2,10.1049/icp.2022.2571,https://www.scopus.com/inward/record.uri?eid=2-s2.0-85174655065&doi=10.1049%2ficp.2022.2571&partnerID=40&md5=259fcbdbff70f0234605de5fde37fdd2,Conference paper,Final,,Scopus,2-s2.0-85174655065
Che Lah N.A.; Mohamad N.; Saari M.M.; Johan M.R.,"Che Lah, Nurul Akmal (37055955600); Mohamad, Nurshuhada (57210685910); Saari, Mohd Mawardi (57220107330); Johan, Mohd Rafie (8727448400)",37055955600; 57210685910; 57220107330; 8727448400,Nanoscopic tannic acid - ZnO colloid: Low temperature synthesis and the influence of pH on the aggregates,2019,Materials Research Express,6,6,65007,,,,5,10.1088/2053-1591/ab099f,https://www.scopus.com/inward/record.uri?eid=2-s2.0-85064466600&doi=10.1088%2f2053-1591%2fab099f&partnerID=40&md5=3b0eb5349a0b58ede84c23e6d6113d92,Article,Final,,Scopus,2-s2.0-85064466600
Sulaiman M.H.; Mustaffa Z.; Saari M.M.; Mohamad A.J.,"Sulaiman, Mohd Herwan (55336854400); Mustaffa, Zuriani (54789967400); Saari, Mohd Mawardi (57220107330); Mohamad, Ahmad Johari (55661950400)",55336854400; 54789967400; 57220107330; 55661950400,Using the Barnacles Mating Optimizer with Effective Constraints Handling Technique for Cost Minimization of Optimal Power Flow Solution,2022,Lecture Notes in Electrical Engineering,842,,,47,55,8,0,10.1007/978-981-16-8690-0_5,https://www.scopus.com/inward/record.uri?eid=2-s2.0-85126931911&doi=10.1007%2f978-981-16-8690-0_5&partnerID=40&md5=53b07106e1172cb4f588bfaaf4c60d95,Conference paper,Final,,Scopus,2-s2.0-85126931911
Adnan N.A.; Ariff M.H.M.; Naharuddin N.Z.A.; Abas M.F.; Saari M.M.; Jusoh R.,"Adnan, Nasrun Afiq (59745895500); Ariff, Mohd Hisyam Mohd (57190850504); Naharuddin, Noor Zirwatul Ahlam (56879036100); Abas, Mohammad Fadhil (24733967900); Saari, Mohd Mawardi (57220107330); Jusoh, Rahimah (55602149900)",59745895500; 57190850504; 56879036100; 24733967900; 57220107330; 55602149900,Design and Analysis of Hexagonal Antenna for UHF RFID Reader,2025,AIP Conference Proceedings,3056,1,20013,,,,0,10.1063/5.0208620,https://www.scopus.com/inward/record.uri?eid=2-s2.0-105003137792&doi=10.1063%2f5.0208620&partnerID=40&md5=e2f73e7526a589af51007aadcf38a694,Conference paper,Final,,Scopus,2-s2.0-105003137792
Saari M.M.; Hadi Putera Zaini M.A.; Ahmad H.; Che Lah N.A.,"Saari, Mohd Mawardi (57220107330); Hadi Putera Zaini, Mohd Aufa (57207994127); Ahmad, Hamzah (35304432800); Che Lah, Nurul Akmal (37055955600)",57220107330; 57207994127; 35304432800; 37055955600,An AC magnetometer using automatic frequency switching of a resonant excitation coil for magnetic nanoparticles characterization,2018,"2018 9th IEEE Control and System Graduate Research Colloquium, ICSGRC 2018 - Proceeding",,,8657632,207,210,3,7,10.1109/ICSGRC.2018.8657632,https://www.scopus.com/inward/record.uri?eid=2-s2.0-85063425708&doi=10.1109%2fICSGRC.2018.8657632&partnerID=40&md5=36cd0c1660c99c7e56d3ae5b439cd708,Conference paper,Final,,Scopus,2-s2.0-85063425708
Sulaiman M.H.; Mustaffa Z.; Samsudin A.S.; Mohamed A.I.; Saari M.M.,"Sulaiman, Mohd Herwan (55336854400); Mustaffa, Zuriani (54789967400); Samsudin, Ahmad Salihin (54893526100); Mohamed, Amir Izzani (53984855400); Saari, Mohd Mawardi (57220107330)",55336854400; 54789967400; 54893526100; 53984855400; 57220107330,Electric vehicle battery state of charge estimation using metaheuristic-optimized CatBoost algorithms,2025,Franklin Open,11,,100293,,,,0,10.1016/j.fraope.2025.100293,https://www.scopus.com/inward/record.uri?eid=2-s2.0-105007736498&doi=10.1016%2fj.fraope.2025.100293&partnerID=40&md5=be444ff12f82ba3482ae1dee871310bb,Article,Final,All Open Access; Gold Open Access,Scopus,2-s2.0-105007736498
Ahmad H.; Xian L.Z.; Othman N.A.; Ramli M.S.; Saari M.M.,"Ahmad, Hamzah (35304432800); Xian, Lim Zhi (57218263950); Othman, Nur Aqilah (56028974800); Ramli, Mohd Syakirin (26435494400); Saari, Mohd Mawardi (57220107330)",35304432800; 57218263950; 56028974800; 26435494400; 57220107330,An analysis of state covariance of mobile robot navigation in unstructured environment based on ros,2021,Lecture Notes in Electrical Engineering,666,,,259,270,11,0,10.1007/978-981-15-5281-6_18,https://www.scopus.com/inward/record.uri?eid=2-s2.0-85088508230&doi=10.1007%2f978-981-15-5281-6_18&partnerID=40&md5=a652c9dfdd0f0d8a59aff6d6be7396f4,Conference paper,Final,,Scopus,2-s2.0-85088508230
Amin S.N.A.M.; Ahmad H.; Mohamed M.R.; Saari M.M.; Aliman O.,"Amin, Siti Nur Aishah Mohd (57200993831); Ahmad, Hamzah (35304432800); Mohamed, Mohd Rusllim (15072061400); Saari, Mohd Mawardi (57220107330); Aliman, Omar (24733710900)",57200993831; 35304432800; 15072061400; 57220107330; 24733710900,Kalman filter estimation of impedance parameters for medium transmission line,2018,Telkomnika (Telecommunication Computing Electronics and Control),16,2,,900,908,8,6,10.12928/TELKOMNIKA.v16i2.9026,https://www.scopus.com/inward/record.uri?eid=2-s2.0-85044348991&doi=10.12928%2fTELKOMNIKA.v16i2.9026&partnerID=40&md5=2d7fa8fce2d21e2456093a5d55d0cb15,Article,Final,All Open Access; Gold Open Access; Green Open Access,Scopus,2-s2.0-85044348991
Zaini M.A.H.P.; Saari M.M.; Nadzri N.A.; Aziz Z.; Kiwa T.,"Zaini, Mohd Aufa Hadi Putera (57207994127); Saari, Mohd Mawardi (57220107330); Nadzri, Nurul A’in (57201859397); Aziz, Zulkifly (57220106807); Kiwa, Toshihiko (6603908017)",57207994127; 57220107330; 57201859397; 57220106807; 6603908017,Backside Defect Evaluation in Carbon Steel Plate Using a Hybridized Magnetic Flux Leakage and Eddy Current Technique,2024,Journal of Nondestructive Evaluation,43,1,9,,,,4,10.1007/s10921-023-01022-z,https://www.scopus.com/inward/record.uri?eid=2-s2.0-85178916090&doi=10.1007%2fs10921-023-01022-z&partnerID=40&md5=55b560e67ba468471721e3f93887d76a,Article,Final,,Scopus,2-s2.0-85178916090
Putera Zaini M.A.H.; A'in Nadzri N.; Saari M.M.,"Putera Zaini, Mohd Aufa Hadi (60124653800); A'in Nadzri, Nurul (57201859397); Saari, Mohd Mawardi (57220107330)",60124653800; 57201859397; 57220107330,Enhanced Crack Detection Using a Shielded Magnetic Probe With Tmr Sensors for Mfl and Eddy Current Techniques,2025,"IEEE 8th International Conference on Electrical, Control and Computer Engineering, InECCE 2025 - Proceedings",,,,409,414,5,0,10.1109/InECCE64959.2025.11150883,https://www.scopus.com/inward/record.uri?eid=2-s2.0-105017604934&doi=10.1109%2fInECCE64959.2025.11150883&partnerID=40&md5=3327139d01303f04465b2b42100a96b8,Conference paper,Final,,Scopus,2-s2.0-105017604934
Sulaiman M.H.; Mustaffa Z.; Saari M.M.; Mohamed A.I.,"Sulaiman, Mohd Herwan (55336854400); Mustaffa, Zuriani (54789967400); Saari, Mohd Mawardi (57220107330); Mohamed, Amir Izzani (53984855400)",55336854400; 54789967400; 57220107330; 53984855400,An application of barnacles mating optimizer algorithm for combined economic and emission dispatch solution,2021,Lecture Notes in Electrical Engineering,666,,,1115,1124,9,0,10.1007/978-981-15-5281-6_79,https://www.scopus.com/inward/record.uri?eid=2-s2.0-85088511591&doi=10.1007%2f978-981-15-5281-6_79&partnerID=40&md5=bce6b61efdd899c6920e781f40cfa398,Conference paper,Final,,Scopus,2-s2.0-85088511591
Nadzri N.A.; Ishak M.; Saari M.M.; Halil A.M.,"Nadzri, Nurul A'In (57201859397); Ishak, Mahadzir (55545861661); Saari, Mohd Mawardi (57220107330); Halil, Aiman Mohd (57192875407)",57201859397; 55545861661; 57220107330; 57192875407,Development of Eddy current testing system for welding inspection,2018,"2018 9th IEEE Control and System Graduate Research Colloquium, ICSGRC 2018 - Proceeding",,,8657511,94,98,4,18,10.1109/ICSGRC.2018.8657511,https://www.scopus.com/inward/record.uri?eid=2-s2.0-85063454011&doi=10.1109%2fICSGRC.2018.8657511&partnerID=40&md5=82411259c6dcd5be266d9386c7ef5d70,Conference paper,Final,,Scopus,2-s2.0-85063454011
Nasir A.N.K.; Ahmad M.A.; Najib M.S.; Wahab Y.A.; Othman N.A.; Ghani N.M.A.; Irawan A.; Khatun S.; Raja Ismail R.M.T.; Saari M.M.; Daud M.R.; Faudzi A.A.M.,"Nasir, Ahmad Nor Kasruddin (24725222300); Ahmad, Mohd Ashraf (57206474803); Najib, Muhammad Sharfi (55308578800); Wahab, Yasmin Abdul (57193422873); Othman, Nur Aqilah (56028974800); Ghani, Nor Maniha Abd (35317027200); Irawan, Addie (47061492200); Khatun, Sabira (7003507911); Raja Ismail, Raja Mohd Taufika (31767699700); Saari, Mohd Mawardi (57220107330); Daud, Mohd Razali (57004537100); Faudzi, Ahmad Afif Mohd (57054191200)",24725222300; 57206474803; 55308578800; 57193422873; 56028974800; 35317027200; 47061492200; 7003507911; 31767699700; 57220107330; 57004537100; 57054191200,Preface,2020,Lecture Notes in Electrical Engineering,632,,,vii,ix,,0,,https://www.scopus.com/inward/record.uri?eid=2-s2.0-85083091624&partnerID=40&md5=074dcd1d36615da3ca2e501c01be6473,Editorial,Final,,Scopus,2-s2.0-85083091624
Saari M.M.; Sulaiman M.H.; Lah N.A.C.; Daud M.R.; Kiwa T.,"Saari, Mohd Mawardi (57220107330); Sulaiman, Mohd Herwan (55336854400); Lah, Nurul Akmal Che (37055955600); Daud, Mohd Razali (57004537100); Kiwa, Toshihiko (6603908017)",57220107330; 55336854400; 37055955600; 57004537100; 6603908017,Non-Regularized Reconstruction of Magnetic Moment Distribution of Magnetic Nanoparticles using Barnacles Mating Optimizer,2023,"Proceedings of 2023 International Conference on System Science and Engineering, ICSSE 2023",,,,533,536,3,0,10.1109/ICSSE58758.2023.10227174,https://www.scopus.com/inward/record.uri?eid=2-s2.0-85171843760&doi=10.1109%2fICSSE58758.2023.10227174&partnerID=40&md5=9eebfb9ff6fb65730e31f8eaca323198,Conference paper,Final,,Scopus,2-s2.0-85171843760
Nadzri N.A.; Saari M.M.; Zaini M.A.H.P.; Ramlan N.H.; Aziz Z.A.,"Nadzri, Nurul A'In (57201859397); Saari, Mohd Mawardi (57220107330); Zaini, Mohd Aufa Hadi Putera (57207994127); Ramlan, Nur Huda (56453249000); Aziz, Zulkifly Ab (57220106807)",57201859397; 57220107330; 57207994127; 56453249000; 57220106807,Detection of Back-Side Cracks in Steel Structure Using A Differential Eddy Current Testing Probe,2020,"ETCCE 2020 - International Conference on Emerging Technology in Computing, Communication and Electronics",,,9350887,,,,0,10.1109/ETCCE51779.2020.9350887,https://www.scopus.com/inward/record.uri?eid=2-s2.0-85102039889&doi=10.1109%2fETCCE51779.2020.9350887&partnerID=40&md5=4e0913a3c3743bd32e88f525a8733c50,Conference paper,Final,,Scopus,2-s2.0-85102039889
Hamzah H.S.; Man A.E.C.; Wahab Y.A.; Talip N.A.; Saari M.M.,"Hamzah, Haziq Syakir (59047562000); Man, Ain Eazriena Che (58659322100); Wahab, Yasmin Abdul (57193422873); Talip, Nurhafizah Abu (57208004036); Saari, Mohd Mawardi (57220107330)",59047562000; 58659322100; 57193422873; 57208004036; 57220107330,DEVELOPMENT OF IMAGE RECONSTRUCTION FOR DETECTING STATIC OIL-GAS REGIMES USING INVASIVE ELECTRICAL CAPACITANCE TOMOGRAPHY IN STEEL PIPE APPLICATION – AN INITIAL STUDY,2024,Jurnal Teknologi,86,3,,135,143,8,1,10.11113/jurnalteknologi.v86.20994,https://www.scopus.com/inward/record.uri?eid=2-s2.0-85192269274&doi=10.11113%2fjurnalteknologi.v86.20994&partnerID=40&md5=7331e812091db1db81f53db32f6cf3d0,Article,Final,All Open Access; Gold Open Access,Scopus,2-s2.0-85192269274
Nadzri N.A.; Mawardi Saari M.; Hadi Putera Zaini M.A.; Huda Ramlan N.; Ab Aziz Z.; Mohd Halil A.,"Nadzri, Nurul A'in (57201859397); Mawardi Saari, Mohd (57220107330); Hadi Putera Zaini, Mohd Aufa (57207994127); Huda Ramlan, Nur (56453249000); Ab Aziz, Zulkifly (57220106807); Mohd Halil, Aiman (57192875407)",57201859397; 57220107330; 57207994127; 56453249000; 57220106807; 57192875407,Development of ECT Probe for Back Side Crack Evaluation,2020,"2020 11th IEEE Control and System Graduate Research Colloquium, ICSGRC 2020 - Proceedings",,,9232475,5,9,4,2,10.1109/ICSGRC49013.2020.9232475,https://www.scopus.com/inward/record.uri?eid=2-s2.0-85096935099&doi=10.1109%2fICSGRC49013.2020.9232475&partnerID=40&md5=9c3944716bdd4e6223927630828e8041,Conference paper,Final,,Scopus,2-s2.0-85096935099
Nadzri N.A.; Ashraf S.; Saari M.M.,"Nadzri, Nurul A’in (57201859397); Ashraf, Shameed (14021095500); Saari, Mohd Mawardi (57220107330)",57201859397; 14021095500; 57220107330,Flow properties of cement blend additives: particle size and density effects,2025,Engineering Research Express,7,4,45004,,,,0,10.1088/2631-8695/ae0f78,https://www.scopus.com/inward/record.uri?eid=2-s2.0-105019757685&doi=10.1088%2f2631-8695%2fae0f78&partnerID=40&md5=ea2fe3b7819ba87eb92689e991faee4f,Article,Final,,Scopus,2-s2.0-105019757685
Sulaiman M.H.; Mustaffa Z.; Zakaria N.F.; Saari M.M.,"Sulaiman, Mohd Herwan (55336854400); Mustaffa, Zuriani (54789967400); Zakaria, Nor Farizan (55616130000); Saari, Mohd Mawardi (57220107330)",55336854400; 54789967400; 55616130000; 57220107330,Using the evolutionary mating algorithm for optimizing deep learning parameters for battery state of charge estimation of electric vehicle,2023,Energy,279,,128094,,,,27,10.1016/j.energy.2023.128094,https://www.scopus.com/inward/record.uri?eid=2-s2.0-85162130237&doi=10.1016%2fj.energy.2023.128094&partnerID=40&md5=fd01fb7d6948b045bddfb6bb8341a407,Article,Final,,Scopus,2-s2.0-85162130237
Che Man A.E.; Wahab Y.A.; Abu Talip Yusof N.; Ridzuan Aw S.; Saari M.M.; Abdul Rahim R.; Yu S.Y.,"Che Man, Ain Eazriena (57884757700); Wahab, Yasmin Abdul (57193422873); Abu Talip Yusof, Nurhafizah (57208004036); Ridzuan Aw, Suzanna (56024176600); Saari, Mohd Mawardi (57220107330); Abdul Rahim, Ruzairi (57202318924); Yu, Sia Yee (58659120400)",57884757700; 57193422873; 57208004036; 56024176600; 57220107330; 57202318924; 58659120400,Optimizing Invasive ECT Sensor Dimensions for Conducting Pipe: A Simulation Study,2025,Applications of Modelling and Simulation,9,,,37,50,13,0,,https://www.scopus.com/inward/record.uri?eid=2-s2.0-85215379538&partnerID=40&md5=14b3d5fd69d6d4520de6c89f1dafac1d,Article,Final,,Scopus,2-s2.0-85215379538
Sulaiman M.H.; Mustaffa Z.; Saari M.M.; Daniyal H.; Daud M.R.; Razali S.; Mohamed A.I.,"Sulaiman, Mohd Herwan (55336854400); Mustaffa, Zuriani (54789967400); Saari, Mohd Mawardi (57220107330); Daniyal, Hamdan (57191624414); Daud, Mohd Razali (57004537100); Razali, Saifudin (36810405400); Mohamed, Amir Izzani (53984855400)",55336854400; 54789967400; 57220107330; 57191624414; 57004537100; 36810405400; 53984855400,Barnacles mating optimizer: A bio-inspired algorithm for solving optimization problems,2018,"Proceedings - 2018 IEEE/ACIS 19th International Conference on Software Engineering, Artificial Intelligence, Networking and Parallel/Distributed Computing, SNPD 2018",,,8441097,265,270,5,54,10.1109/SNPD.2018.8441097,https://www.scopus.com/inward/record.uri?eid=2-s2.0-85053546368&doi=10.1109%2fSNPD.2018.8441097&partnerID=40&md5=92104aaee368b9bc4438db6fdcff9d00,Conference paper,Final,,Scopus,2-s2.0-85053546368
Tsukada K.; Tsunashima K.; Jinno K.; Hiramatsu B.; Takeuchi S.; Fujimoto K.; Sakai K.; Kiwa T.; Saari M.M.,"Tsukada, Keiji (7201442097); Tsunashima, Kenta (57209458076); Jinno, Katsuya (57209457105); Hiramatsu, Bunta (57209451336); Takeuchi, Shun (57200333910); Fujimoto, Kayo (57209456626); Sakai, Kenji (55453019800); Kiwa, Toshihiko (6603908017); Saari, Mohd Mawardi (57220107330)",7201442097; 57209458076; 57209457105; 57209451336; 57200333910; 57209456626; 55453019800; 6603908017; 57220107330,Using Magnetic Field Gradients to Shorten the Antigen-Antibody Reaction Time for a Magnetic Immunoassay,2019,IEEE Transactions on Magnetics,55,7,8637765,,,,12,10.1109/TMAG.2019.2894904,https://www.scopus.com/inward/record.uri?eid=2-s2.0-85067829217&doi=10.1109%2fTMAG.2019.2894904&partnerID=40&md5=dd9788a754ca2188ee3047435fa0f7bd,Article,Final,,Scopus,2-s2.0-85067829217
Zaini M.A.H.P.; Saari M.M.; Yusdi U.S.M.; Nadzri N.A.; Aziz Z.,"Zaini, Mohd Aufa Hadi Putera (57207994127); Saari, Mohd Mawardi (57220107330); Yusdi, Ummi Sabihah Mohd (58764154900); Nadzri, Nurul A’In (57201859397); Aziz, Zulkifly (57220106807)",57207994127; 57220107330; 58764154900; 57201859397; 57220106807,A Differential Fluxgate Probe for Metal Loss Assessment Due to Corrosion,2024,Lecture Notes in Electrical Engineering,1212 LNEE,,,187,198,11,0,10.1007/978-981-97-3847-2_17,https://www.scopus.com/inward/record.uri?eid=2-s2.0-105004721226&doi=10.1007%2f978-981-97-3847-2_17&partnerID=40&md5=f7bcbe23e3f663f117e29ed7c47349b5,Conference paper,Final,,Scopus,2-s2.0-105004721226
Ahmad H.; Ramli M.S.; Saari M.M.; Othman N.A.; Azmi M.I.A.,"Ahmad, Hamzah (35304432800); Ramli, Mohd Syakirin (26435494400); Saari, Mohd Mawardi (57220107330); Othman, Nur Aqilah (56028974800); Azmi, Muhammad Izzran Azani (59831171700)",35304432800; 26435494400; 57220107330; 56028974800; 59831171700,Kalman Filter Based Vehicle SOC Performance Analysis for Different Battery Types,2024,Lecture Notes in Electrical Engineering,1212 LNEE,,,289,299,10,0,10.1007/978-981-97-3847-2_25,https://www.scopus.com/inward/record.uri?eid=2-s2.0-105004721067&doi=10.1007%2f978-981-97-3847-2_25&partnerID=40&md5=578cf69b50bd3aa95b955e29f4088bc5,Conference paper,Final,,Scopus,2-s2.0-105004721067
Aziz Z.; Saari M.M.; Zaini M.A.H.P.; Nadzri N.A.; Chin S.Y.,"Aziz, Zulkifly (57220106807); Saari, Mohd Mawardi (57220107330); Zaini, Mohd Aufa Hadi Putera (57207994127); Nadzri, Nurul A'in (57201859397); Chin, Sim Yee (56374296600)",57220106807; 57220107330; 57207994127; 57201859397; 56374296600,Improved wireless LED-based light emitters for photocatalytic oxidation in a slurry annular reactor; [Udoskonalone bezprzewodowe emitery światła oparte na diodach LED do fotokatalitycznego utleniania w zawiesinowym pierścieniowym reaktorze],2023,Przeglad Elektrotechniczny,2023,8,,170,174,4,0,10.15199/48.2023.08.30,https://www.scopus.com/inward/record.uri?eid=2-s2.0-85172369567&doi=10.15199%2f48.2023.08.30&partnerID=40&md5=a30404fcea4f5e571db7a6a3d33bf772,Article,Final,,Scopus,2-s2.0-85172369567
Ahmad H.; Othman N.A.; Saari M.; Ramli M.S.,"Ahmad, Hamzah (35304432800); Othman, Nur Aqilah (56028974800); Saari, Mawardi (57220107330); Ramli, Mohd Syakirin (26435494400)",35304432800; 56028974800; 57220107330; 26435494400,Investigating State Covariance Properties During Finite Escape Time in H∞ Filter SLAM,2019,Lecture Notes in Electrical Engineering,538,,,271,283,12,1,10.1007/978-981-13-3708-6_23,https://www.scopus.com/inward/record.uri?eid=2-s2.0-85063448662&doi=10.1007%2f978-981-13-3708-6_23&partnerID=40&md5=71d5222b4b6f0cba5befd3a71bacddf8,Conference paper,Final,,Scopus,2-s2.0-85063448662
Ahmad H.; Ramli M.S.; Othman N.A.; Mohamad B.; Saari M.M.,"Ahmad, Hamzah (35304432800); Ramli, Mohd Syakirin (26435494400); Othman, Nur Aqilah (56028974800); Mohamad, Badaruddin (59575934200); Saari, Mohd Mawardi (57220107330)",35304432800; 26435494400; 56028974800; 59575934200; 57220107330,Intermittent Measurement and Finite Escape Time Correlations Study in H∞ Filter in Navigation,2022,Lecture Notes in Electrical Engineering,842,,,601,611,10,0,10.1007/978-981-16-8690-0_54,https://www.scopus.com/inward/record.uri?eid=2-s2.0-85126997360&doi=10.1007%2f978-981-16-8690-0_54&partnerID=40&md5=2bb4e2af5e2b5f51c8f86cd3ee308466,Conference paper,Final,,Scopus,2-s2.0-85126997360
Sulaiman M.H.; Mustaffa Z.; Jadin M.S.; Saari M.M.,"Sulaiman, Mohd Herwan (55336854400); Mustaffa, Zuriani (54789967400); Jadin, Mohd Shawal (24733653900); Saari, Mohd Mawardi (57220107330)",55336854400; 54789967400; 24733653900; 57220107330,Hierarchical power output prediction for floating photovoltaic systems,2025,Energy,323,,135883,,,,3,10.1016/j.energy.2025.135883,https://www.scopus.com/inward/record.uri?eid=2-s2.0-105001282028&doi=10.1016%2fj.energy.2025.135883&partnerID=40&md5=fa87e5306569d218b9a27f089589fc11,Article,Final,,Scopus,2-s2.0-105001282028
Saari M.M.; Sulaiman M.H.; Nadzri N.A.; Kiwa T.,"Saari, Mohd Mawardi (57220107330); Sulaiman, Mohd Herwan (55336854400); Nadzri, Nurul A’in (57201859397); Kiwa, Toshihiko (6603908017)",57220107330; 55336854400; 57201859397; 6603908017,A spline-enhanced non-negative least squares inversion approach for estimating magnetic nanoparticle size distribution from magnetization curves,2025,Physica Scripta,100,7,75989,,,,0,10.1088/1402-4896/ade93d,https://www.scopus.com/inward/record.uri?eid=2-s2.0-105010561898&doi=10.1088%2f1402-4896%2fade93d&partnerID=40&md5=499a9d02ff9aae972efabbdf7b7a0a9a,Article,Final,,Scopus,2-s2.0-105010561898
Islam M.; Khatun S.; Ghazali K.H.; Saari M.M.; Shakib M.N.; Karim M.S.A.,"Islam, Minarul (57217440473); Khatun, Sabira (7003507911); Ghazali, Kamarul Hawari (24070207000); Saari, Mohd Mawardi (57220107330); Shakib, Mohammed Nazmus (57218671451); Karim, Mohamad Shaiful Abdul (57201499599)",57217440473; 7003507911; 24070207000; 57220107330; 57218671451; 57201499599,Performance Comparison of Non-Invasive Blood Glucose Level using Artificial Neural Network and Ultra-Wide Band Antenna,2020,"ETCCE 2020 - International Conference on Emerging Technology in Computing, Communication and Electronics",,,9350885,,,,4,10.1109/ETCCE51779.2020.9350885,https://www.scopus.com/inward/record.uri?eid=2-s2.0-85102070750&doi=10.1109%2fETCCE51779.2020.9350885&partnerID=40&md5=798a14ca16f6ff92c63d417097f3e499,Conference paper,Final,,Scopus,2-s2.0-85102070750
Zaini M.A.H.P.; Saari M.M.; Nadzri N.A.; Aziz Z.; Ramlan N.H.; Tsukada K.,"Zaini, Mohd Aufa Hadi Putera (57207994127); Saari, Mohd Mawardi (57220107330); Nadzri, Nurul A'In (57201859397); Aziz, Zulkifly (57220106807); Ramlan, Nur Huda (56453249000); Tsukada, Keiji (7201442097)",57207994127; 57220107330; 57201859397; 57220106807; 56453249000; 7201442097,Extraction of Flux Leakage and Eddy Current Signals Induced by Submillimeter Backside Slits on Carbon Steel Plate Using a Low-Field AMR Differential Magnetic Probe,2021,IEEE Access,9,,,146755,146770,15,19,10.1109/ACCESS.2021.3123421,https://www.scopus.com/inward/record.uri?eid=2-s2.0-85118565467&doi=10.1109%2fACCESS.2021.3123421&partnerID=40&md5=3c0c52ac77d8f8332397c02d512d5542,Article,Final,All Open Access; Gold Open Access,Scopus,2-s2.0-85118565467
Saari M.M.; Suhaimi N.S.; Lah N.A.C.; Sakai K.; Kiwa T.; Tsukada K.,"Saari, Mohd Mawardi (57220107330); Suhaimi, Nazatul Sharreena (57211346068); Lah, Nurul Akmal Che (37055955600); Sakai, Kenji (55453019800); Kiwa, Toshihiko (6603908017); Tsukada, Keiji (7201442097)",57220107330; 57211346068; 37055955600; 55453019800; 6603908017; 7201442097,A sensitive AC magnetometer using a resonant excitation coil for magnetic fluid characterization in nonlinear magnetization region,2018,"2018 IEEE International Magnetic Conference, INTERMAG 2018",,,8508784,,,,4,10.1109/INTMAG.2018.8508784,https://www.scopus.com/inward/record.uri?eid=2-s2.0-85057474068&doi=10.1109%2fINTMAG.2018.8508784&partnerID=40&md5=a6ffdec02ce9878f848a454cc20d90a6,Conference paper,Final,,Scopus,2-s2.0-85057474068
Hamzah H.S.; Wahab Y.A.; Man A.E.C.; Talip N.A.; Saari M.M.,"Hamzah, Haziq Syakir (59047562000); Wahab, Yasmin Abdul (57193422873); Man, Ain Eazriena Che (58659322100); Talip, Nurhafizah Abu (57208004036); Saari, Mohd Mawardi (57220107330)",59047562000; 57193422873; 58659322100; 57208004036; 57220107330,Experimental Evaluation of Sensor Readings in Invasive Electrical Capacitance Tomography for Conducting Pipe Applications—Initial Study,2024,Lecture Notes in Electrical Engineering,1213 LNEE,,,491,502,11,0,10.1007/978-981-97-3851-9_42,https://www.scopus.com/inward/record.uri?eid=2-s2.0-85205110254&doi=10.1007%2f978-981-97-3851-9_42&partnerID=40&md5=4dc9cde458a6cabb94bd770e9e97ec31,Conference paper,Final,,Scopus,2-s2.0-85205110254
Sulaiman M.H.; Mustaffa Z.; Saari M.M.; Jadin M.S.,"Sulaiman, Mohd Herwan (55336854400); Mustaffa, Zuriani (54789967400); Saari, Mohd Mawardi (57220107330); Jadin, Mohd Shawal (24733653900)",55336854400; 54789967400; 57220107330; 24733653900,A simulation-metaheuristic approach for finding the optimal allocation of the battery energy storage system problem in distribution networks,2023,Decision Analytics Journal,7,,100208,,,,9,10.1016/j.dajour.2023.100208,https://www.scopus.com/inward/record.uri?eid=2-s2.0-85151463360&doi=10.1016%2fj.dajour.2023.100208&partnerID=40&md5=4eda14598eae1da08bec6ccdccb4f30d,Article,Final,All Open Access; Gold Open Access,Scopus,2-s2.0-85151463360
Azmi M.F.M.; Wahab Y.A.; Saari M.M.; Yusof N.A.T.; A'in Nadzri N.,"Azmi, Muhammad Fauzan Mohd (60125126500); Wahab, Yasmin Abdul (57203353903); Saari, Mohd Mawardi (57220107330); Yusof, Nurhafizah Abu Talip (57208004036); A'in Nadzri, Nurul (57201859397)",60125126500; 57203353903; 57220107330; 57208004036; 57201859397,Development of an Ultrasonic Tomography System for Monitoring Particle Deposition in Elbow Pipelines,2025,"IEEE 8th International Conference on Electrical, Control and Computer Engineering, InECCE 2025 - Proceedings",,,,489,494,5,0,10.1109/InECCE64959.2025.11151050,https://www.scopus.com/inward/record.uri?eid=2-s2.0-105017785220&doi=10.1109%2fInECCE64959.2025.11151050&partnerID=40&md5=01f133e7bc0402fd6d62cefd2e14ce2f,Conference paper,Final,,Scopus,2-s2.0-105017785220
Mustaffa Z.; Sulaiman M.H.; Mohd Azlan F.N.; Saari M.M.,"Mustaffa, Zuriani (54789967400); Sulaiman, Mohd Herwan (55336854400); Mohd Azlan, Fathihah Nabilah (60199632400); Saari, Mohd Mawardi (57220107330)",54789967400; 55336854400; 60199632400; 57220107330,Hybrid Barnacles Mating Optimizer-Extreme Gradient Boosting for Forecasting Cooling and Heating Loads in Commercial Buildings,2026,Lecture Notes in Mechanical Engineering,,,,49,61,12,0,10.1007/978-981-96-7703-0_5,https://www.scopus.com/inward/record.uri?eid=2-s2.0-105022177973&doi=10.1007%2f978-981-96-7703-0_5&partnerID=40&md5=13c863960b26914c28fd538a94280885,Conference paper,Final,,Scopus,2-s2.0-105022177973
Saari M.M.; Sulaiman M.H.; Che Lah N.A.; Aziz Z.; Sakai K.; Kiwa T.; Tsukada K.,"Saari, Mohd Mawardi (57220107330); Sulaiman, Mohd Herwan (55336854400); Che Lah, Nurul Akmal (37055955600); Aziz, Zulkifly (57220106807); Sakai, Kenji (55453019800); Kiwa, Toshihiko (6603908017); Tsukada, Keiji (7201442097)",57220107330; 55336854400; 37055955600; 57220106807; 55453019800; 6603908017; 7201442097,Properties of single- and multi-core magnetic nanoparticles assessed by magnetic susceptibility measurements,2021,Journal of Magnetism and Magnetic Materials,528,,167812,,,,7,10.1016/j.jmmm.2021.167812,https://www.scopus.com/inward/record.uri?eid=2-s2.0-85102120553&doi=10.1016%2fj.jmmm.2021.167812&partnerID=40&md5=de0f7ca8693b42354ffa2c91fe307d8f,Article,Final,,Scopus,2-s2.0-85102120553
Ahmad H.; Othman N.A.; Saari M.M.; Ramli M.S.; Bakar B.H.A.,"Ahmad, Hamzah (35304432800); Othman, Nur Aqilah (56028974800); Saari, Mohd Mawardi (57220107330); Ramli, Mohd Syakirin (26435494400); Bakar, Bakiss Hiyana Abu (57211642898)",35304432800; 56028974800; 57220107330; 26435494400; 57211642898,Data association analysis in simultaneous localization and mapping problem,2019,International Journal of Integrated Engineering,11,4,,112,118,6,2,10.30880/ijie.2019.11.04.012,https://www.scopus.com/inward/record.uri?eid=2-s2.0-85074705115&doi=10.30880%2fijie.2019.11.04.012&partnerID=40&md5=6c0cedc4344476895494af86f03c563b,Article,Final,All Open Access; Gold Open Access,Scopus,2-s2.0-85074705115
Ahmad H.; Din N.I.Z.M.; Saari M.M.; Othman N.A.; Ramli M.S.,"Ahmad, Hamzah (35304432800); Din, Nur Ismahani Zulaikha Mohd (59835365000); Saari, Mohd Mawardi (57220107330); Othman, Nur Aqilah (56028974800); Ramli, Mohd Syakirin (26435494400)",35304432800; 59835365000; 57220107330; 56028974800; 26435494400,ROS Based Mobile Robot Navigation with Imperfect Data Association,2024,Lecture Notes in Electrical Engineering,1212 LNEE,,,301,311,10,0,10.1007/978-981-97-3847-2_26,https://www.scopus.com/inward/record.uri?eid=2-s2.0-105004721232&doi=10.1007%2f978-981-97-3847-2_26&partnerID=40&md5=ade753466149cb7b8fe4e5ac33bc2ad3,Conference paper,Final,,Scopus,2-s2.0-105004721232
Sulaiman M.H.; Mustaffa Z.; Aliman O.; Saari M.M.; Mohamad A.J.,"Sulaiman, Mohd Herwan (55336854400); Mustaffa, Zuriani (54789967400); Aliman, Omar (24733710900); Saari, Mohd Mawardi (57220107330); Mohamad, Ahmad Johari (55661950400)",55336854400; 54789967400; 24733710900; 57220107330; 55661950400,Solving Combined Economic and Emission Load Dispatch Using Cohesive Meta-heuristic Approach,2022,Lecture Notes in Electrical Engineering,770,,,1043,1052,9,0,10.1007/978-981-16-2406-3_76,https://www.scopus.com/inward/record.uri?eid=2-s2.0-85116473731&doi=10.1007%2f978-981-16-2406-3_76&partnerID=40&md5=eb06178c15b8204b04f1f2268f8c7fad,Conference paper,Final,,Scopus,2-s2.0-85116473731
Tsunashima K.; Jinno K.; Hiramatsu B.; Fujimoto K.; Sakai K.; Kiwa T.; Saari M.M.; Tsukada K.,"Tsunashima, Kenta (57209458076); Jinno, Katsuya (57209457105); Hiramatsu, Bunta (57209451336); Fujimoto, Kayo (57209456626); Sakai, Kenji (55453019800); Kiwa, Toshihiko (6603908017); Saari, Mohd Mawardi (57220107330); Tsukada, Keiji (7201442097)",57209458076; 57209457105; 57209451336; 57209456626; 55453019800; 6603908017; 57220107330; 7201442097,Laser monitoring of dynamic behavior of magnetic nanoparticles in magnetic field gradient,2020,AIP Advances,10,1,15025,,,,2,10.1063/1.5130167,https://www.scopus.com/inward/record.uri?eid=2-s2.0-85077998497&doi=10.1063%2f1.5130167&partnerID=40&md5=50a0f8a97faefa32e8af076bc2458f42,Article,Final,All Open Access; Gold Open Access,Scopus,2-s2.0-85077998497
Fuzlin A.F.; Samsudin A.S.; Saari M.M.; Sulaiman M.H.,"Fuzlin, A.F. (57201860083); Samsudin, A.S. (54893526100); Saari, M.M. (57220107330); Sulaiman, M.H. (55336854400)",57201860083; 54893526100; 57220107330; 55336854400,Enhanced Ionic Conductivity in Plasticized Alginate-Polymer Electrolytes,2026,Lecture Notes in Mechanical Engineering,,,,63,71,8,0,10.1007/978-981-96-7703-0_6,https://www.scopus.com/inward/record.uri?eid=2-s2.0-105022212124&doi=10.1007%2f978-981-96-7703-0_6&partnerID=40&md5=596f7ee27f87dc6801768e54759b1e39,Conference paper,Final,,Scopus,2-s2.0-105022212124
Sulaiman M.H.; Mustaffa Z.; Saari M.M.,"Sulaiman, Mohd Herwan (55336854400); Mustaffa, Zuriani (54789967400); Saari, Mohd Mawardi (57220107330)",55336854400; 54789967400; 57220107330,Using the Barnacles Mating optimizer for economic emission load dispatch problems; [Wykorzystanie algorytmu Barnbacles Mating do optymalizacji przesyłu energii uwzględniającej emisję],2020,Przeglad Elektrotechniczny,96,7,,141,144,3,4,10.15199/48.2020.07.26,https://www.scopus.com/inward/record.uri?eid=2-s2.0-85090971238&doi=10.15199%2f48.2020.07.26&partnerID=40&md5=073cb963f7303e9596fb903c59ea015e,Article,Final,,Scopus,2-s2.0-85090971238
Sulaiman M.H.; Mustaffa Z.; Saari M.M.; Abas M.F.,"Sulaiman, Mohd Herwan (55336854400); Mustaffa, Zuriani (54789967400); Saari, Mohd Mawardi (57220107330); Abas, Mohammad Fadhil (24733967900)",55336854400; 54789967400; 57220107330; 24733967900,Wind power forecasting with metaheuristic-based feature selection and neural networks,2024,Cleaner Energy Systems,9,,100149,,,,4,10.1016/j.cles.2024.100149,https://www.scopus.com/inward/record.uri?eid=2-s2.0-85205312174&doi=10.1016%2fj.cles.2024.100149&partnerID=40&md5=2c9bd85ef71a1fc956fde3291e56239c,Article,Final,All Open Access; Gold Open Access,Scopus,2-s2.0-85205312174
Hadi Putera Zaini M.A.; Mawardi Saari M.; Nadzri N.A.; Ab Aziz Z.; Halil A.M.; Jamil Sulaiman Hanifah A.,"Hadi Putera Zaini, Mohd Aufa (57207994127); Mawardi Saari, Mohd (57220107330); Nadzri, Nurul A'in (57201859397); Ab Aziz, Zulkifly (57220106807); Halil, Aiman Mohd (57192875407); Jamil Sulaiman Hanifah, Ahmad (57220103046)",57207994127; 57220107330; 57201859397; 57220106807; 57192875407; 57220103046,Development of an Unsaturated Differential Magnetic Probe for the Visualization of Back-side Slits with Different Directions on Carbon Steel Plate,2020,"2020 11th IEEE Control and System Graduate Research Colloquium, ICSGRC 2020 - Proceedings",,,9232487,1,4,3,3,10.1109/ICSGRC49013.2020.9232487,https://www.scopus.com/inward/record.uri?eid=2-s2.0-85096926089&doi=10.1109%2fICSGRC49013.2020.9232487&partnerID=40&md5=5cd8eedecec03550f7133e31ac7c5858,Conference paper,Final,,Scopus,2-s2.0-85096926089
Kishimoto K.; Kuroda H.; Tsubota M.; Yamashita K.; Wang J.; Sakai K.; Saari M.M.; Kiwa T.,"Kishimoto, Kouhei (57970519400); Kuroda, Hiroto (59778626500); Tsubota, Misaki (57969357900); Yamashita, Kei (57969592100); Wang, Jin (57195992038); Sakai, Kenji (55453019800); Saari, Mohd Mawardi (57220107330); Kiwa, Toshihiko (6603908017)",57970519400; 59778626500; 57969357900; 57969592100; 57195992038; 55453019800; 57220107330; 6603908017,Dispersion of Fe3O4 Nanoparticle Beads Driven by Femtosecond Laser Pulses for Quantitative Magnetic Immunoassay Measurements,2022,ACS Applied Nano Materials,5,11,,17258,17263,5,5,10.1021/acsanm.2c04399,https://www.scopus.com/inward/record.uri?eid=2-s2.0-85142184550&doi=10.1021%2facsanm.2c04399&partnerID=40&md5=d63fa5f6ac31c0bc8bc41826bac22677,Article,Final,,Scopus,2-s2.0-85142184550
Sulaiman M.H.; Mustaffa Z.; Saari M.M.; Daniyal H.; Musirin I.; Daud M.R.,"Sulaiman, Mohd Henwan (55336854400); Mustaffa, Zuriani (54789967400); Saari, Mohd Mawardi (57220107330); Daniyal, Hamdan (57191624414); Musirin, Ismail (8620004100); Daud, Mohd Razali (57004537100)",55336854400; 54789967400; 57220107330; 57191624414; 8620004100; 57004537100,Barnacles mating optimizer: An evolutionary algorithm for solving optimization,2019,"Proceedings - 2018 IEEE International Conference on Automatic Control and Intelligent Systems, I2CACIS 2018",,,8603703,99,104,5,44,10.1109/I2CACIS.2018.8603703,https://www.scopus.com/inward/record.uri?eid=2-s2.0-85061712365&doi=10.1109%2fI2CACIS.2018.8603703&partnerID=40&md5=3c3b6def11bef9bb8a85e0d1e6ba367c,Conference paper,Final,,Scopus,2-s2.0-85061712365
Che Lah N.A.; Mesran M.N.; Saari M.M.,"Che Lah, Nurul Akmal (37055955600); Mesran, Muhammad Nasrulamin (57216873397); Saari, Mohd Mawardi (57220107330)",37055955600; 57216873397; 57220107330,Frequency-dependent of AC susceptibility in chitosan oligosaccharide-Ag nanostructures,2020,Journal of Alloys and Compounds,835,,155366,,,,4,10.1016/j.jallcom.2020.155366,https://www.scopus.com/inward/record.uri?eid=2-s2.0-85085119402&doi=10.1016%2fj.jallcom.2020.155366&partnerID=40&md5=e4190a3ccdfbb90d4bfcbf63a7f666c5,Article,Final,,Scopus,2-s2.0-85085119402
Saari M.M.; Suhaimi N.S.; Sulaiman M.H.; Che Lah N.A.; Sakai K.; Kiwa T.; Tsukada K.,"Saari, Mohd Mawardi (57220107330); Suhaimi, Nazatul Shareena (57211346068); Sulaiman, Mohd Herwan (55336854400); Che Lah, Nurul Akmal (37055955600); Sakai, Kenji (55453019800); Kiwa, Toshihiko (6603908017); Tsukada, Keiji (7201442097)",57220107330; 57211346068; 55336854400; 37055955600; 55453019800; 6603908017; 7201442097,Influence of Viscosity on Dynamic Magnetization of Thermally Blocked Iron Oxide Nanoparticles Characterized by a Sensitive AC Magnetometer,2019,Journal of Superconductivity and Novel Magnetism,32,9,,2765,2772,7,7,10.1007/s10948-019-5031-6,https://www.scopus.com/inward/record.uri?eid=2-s2.0-85061066649&doi=10.1007%2fs10948-019-5031-6&partnerID=40&md5=e50290ed75cf1a33f293f858bdb1dea8,Article,Final,,Scopus,2-s2.0-85061066649
Saari M.M.; Sulaiman M.H.; Ahmad H.; Lah N.A.C.; Sakai K.; Kiwa T.; Tsukada K.,"Saari, Mohd Mawardi (57220107330); Sulaiman, Mohd Herwan (55336854400); Ahmad, Hamzah (35304432800); Lah, Nurul Akmal Che (37055955600); Sakai, Kenji (55453019800); Kiwa, Toshihiko (6603908017); Tsukada, Keiji (7201442097)",57220107330; 55336854400; 35304432800; 37055955600; 55453019800; 6603908017; 7201442097,A benchtop induction-based AC magnetometer for a fast characterization of magnetic nanoparticles,2022,Engineering Research Express,4,2,25047,,,,4,10.1088/2631-8695/ac78c8,https://www.scopus.com/inward/record.uri?eid=2-s2.0-85142732486&doi=10.1088%2f2631-8695%2fac78c8&partnerID=40&md5=ae031af6dba26217482fb6e711c8a655,Article,Final,,Scopus,2-s2.0-85142732486
Tsukada K.; Shobu H.; Goda Y.; Kobara T.; Sakai K.; Kiwa T.; Saari M.M.,"Tsukada, Keiji (7201442097); Shobu, Hiroto (57210846114); Goda, Yuto (57204148592); Kobara, Takumi (57210845708); Sakai, Kenji (55453019800); Kiwa, Toshihiko (6603908017); Saari, Mohd Mawardi (57220107330)",7201442097; 57210846114; 57204148592; 57210845708; 55453019800; 6603908017; 57220107330,Integrated Magnetic Sensor Probe and Excitation Wire for Nondestructive Detection of Submillimeter Defects,2019,IEEE Magnetics Letters,10,,8809197,,,,14,10.1109/LMAG.2019.2936392,https://www.scopus.com/inward/record.uri?eid=2-s2.0-85071689529&doi=10.1109%2fLMAG.2019.2936392&partnerID=40&md5=1537e0e7f7f490139abfd999a4b30857,Article,Final,,Scopus,2-s2.0-85071689529
Nadzri N.A.; Saari M.M.; Razali S.; Mohamed M.R.; Ahmad H.,"Nadzri, Nurul A’in (57201859397); Saari, Mohd Mawardi (57220107330); Razali, Saifuddin (36810405400); Mohamed, Mohd Rusllim (15072061400); Ahmad, Hamzah (35304432800)",57201859397; 57220107330; 36810405400; 15072061400; 35304432800,Detection of metallic contaminant in aluminium soda can using TMR sensor,2018,Lecture Notes in Mechanical Engineering,0,9.78981E+12,,527,535,8,2,10.1007/978-981-10-8788-2_47,https://www.scopus.com/inward/record.uri?eid=2-s2.0-85046255629&doi=10.1007%2f978-981-10-8788-2_47&partnerID=40&md5=da16a60e8f51ecc8495e8297fbe89e3a,Book chapter,Final,,Scopus,2-s2.0-85046255629
Saari M.M.; Sulaiman M.H.; Kiwa T.,"Saari, Mohd Mawardi (57220107330); Sulaiman, Mohd Herwan (55336854400); Kiwa, Toshihiko (6603908017)",57220107330; 55336854400; 6603908017,Estimation of Core Size Distribution of Magnetic Nanoparticles Using High-Tc SQUID Magnetometer and Particle Swarm Optimizer-Based Inversion Technique,2024,IEICE Transactions on Electronics,E107.C,6,,176,182,6,2,10.1587/transele.2023SEP0002,https://www.scopus.com/inward/record.uri?eid=2-s2.0-85195791566&doi=10.1587%2ftransele.2023SEP0002&partnerID=40&md5=df4716d78dda111c2eced1c5e1d519f5,Article,Final,All Open Access; Bronze Open Access,Scopus,2-s2.0-85195791566
Man A.E.C.; Wahab Y.A.; Talip Yusof N.A.; Aw S.R.; Saari M.M.; Rahim R.A.; Yu S.Y.,"Man, Ain Eazriena Che (58659322100); Wahab, Yasmin Abdul (57193422873); Talip Yusof, Nurhafizah Abu (57208004036); Aw, Suzanna Ridzuan (56024176600); Saari, Mohd Mawardi (57220107330); Rahim, Ruzairi Abdul (59632154500); Yu, Sia Yee (58659120400)",58659322100; 57193422873; 57208004036; 56024176600; 57220107330; 59632154500; 58659120400,REVEALING THE UNSEEN: A BRIEF REVIEW OF INVASIVE AND NON-INVASIVE PROCESS TOMOGRAPHY IN INDUSTRY,2025,Jurnal Teknologi,87,4,,793,807,14,0,10.11113/jurnalteknologi.v87.23257,https://www.scopus.com/inward/record.uri?eid=2-s2.0-105009346428&doi=10.11113%2fjurnalteknologi.v87.23257&partnerID=40&md5=30bf1fce440e34d86822a13a3a8ac0dd,Article,Final,All Open Access; Gold Open Access,Scopus,2-s2.0-105009346428
Aziz Z.; Saari M.M.; Zaini M.A.H.P.; Nadzri N.A.; Chin S.Y.,"Aziz, Zulkifly (57220106807); Saari, Mohd Mawardi (57220107330); Zaini, Mohd Aufa Hadi Putera (57207994127); Nadzri, Nurul A’in (57201859397); Chin, Sim Yee (56374296600)",57220106807; 57220107330; 57207994127; 57201859397; 56374296600,Enhancing a loosely coupled inductive wireless power transfer system for LED-driven slurry photocatalytic reactors,2024,Journal of Microwave Power and Electromagnetic Energy,58,3,,207,232,25,0,10.1080/08327823.2024.2378669,https://www.scopus.com/inward/record.uri?eid=2-s2.0-85198522685&doi=10.1080%2f08327823.2024.2378669&partnerID=40&md5=0040517fcb3a658a99bdacb448ba1cf0,Article,Final,,Scopus,2-s2.0-85198522685
Saari M.M.; Zaini M.A.H.P.; Yusdi U.S.M.; Nadzri N.A.; Sulaiman M.H.; Kiwa T.,"Saari, Mohd Mawardi (57220107330); Zaini, Mohd Aufa Hadi Putera (57207994127); Yusdi, Ummi Sabihah MOHD (58764154900); Nadzri, Nurul Ain (57201859397); Sulaiman, Mohd Herwan (55336854400); Kiwa, Toshihiko (6603908017)",57220107330; 57207994127; 58764154900; 57201859397; 55336854400; 6603908017,Assessment Of Surface Corrosion On Carbon Steel Plates Using A Differential Fluxgate Probe,2023,Przeglad Elektrotechniczny,2023,12,,207,210,3,0,10.15199/48.2023.12.37,https://www.scopus.com/inward/record.uri?eid=2-s2.0-85179816070&doi=10.15199%2f48.2023.12.37&partnerID=40&md5=c984acdeb1431b352736622857a255bc,Article,Final,,Scopus,2-s2.0-85179816070
Azman F.A.; Daud M.R.; Mohamed A.I.; Irawan A.; Ismail R.M.T.R.; Saari M.M.,"Azman, Farah Adiba (58255868000); Daud, Mohd Razali (57004537100); Mohamed, Amir Izzani (53984855400); Irawan, Addie (47061492200); Ismail, R. M. Taufika R. (31767699700); Saari, Mohd Mawardi (57220107330)",58255868000; 57004537100; 53984855400; 47061492200; 31767699700; 57220107330,Camera Orientation Determination Based on Copper Wire Spool Shape,2020,Lecture Notes in Electrical Engineering,632,,,205,218,13,1,10.1007/978-981-15-2317-5_18,https://www.scopus.com/inward/record.uri?eid=2-s2.0-85083075362&doi=10.1007%2f978-981-15-2317-5_18&partnerID=40&md5=dd3135b02513320e2d8ca30a261faa8b,Conference paper,Final,,Scopus,2-s2.0-85083075362
Sulaiman M.H.; Mustaffa Z.; Saari M.M.; Daniyal H.; Mohamad A.J.; Othman M.R.; Mohamed M.R.,"Sulaiman, Mohd Herwan (55336854400); Mustaffa, Zuriani (54789967400); Saari, Mohd Mawardi (57220107330); Daniyal, Hamdan (57191624414); Mohamad, Ahmad Johari (55661950400); Othman, Mohd Rizal (34979141200); Mohamed, Mohd Rusllim (15072061400)",55336854400; 54789967400; 57220107330; 57191624414; 55661950400; 34979141200; 15072061400,Barnacles Mating Optimizer Algorithm for Optimization,2019,Lecture Notes in Electrical Engineering,538,,,211,218,7,7,10.1007/978-981-13-3708-6_18,https://www.scopus.com/inward/record.uri?eid=2-s2.0-85063479206&doi=10.1007%2f978-981-13-3708-6_18&partnerID=40&md5=21d879b5d085a809cc5a3d183eaac3dd,Conference paper,Final,,Scopus,2-s2.0-85063479206
Yamashita K.; Kishimoto K.; Kuroda H.; Wang J.; Sakai K.; Saari M.M.; Kiwa T.,"Yamashita, K. (57969592100); Kishimoto, K. (57970519400); Kuroda, H. (59778626500); Wang, J. (58463467400); Sakai, K. (55453019800); Saari, M.M. (57220107330); Kiwa, T. (6603908017)",57969592100; 57970519400; 59778626500; 58463467400; 55453019800; 57220107330; 6603908017,Aggregation of Magnetic Nanoparticles in Biological Solvents Evaluated by HTS-SQUID Magnetic Immunoassay System,2023,IEEE Transactions on Applied Superconductivity,33,5,1600405,,,,3,10.1109/TASC.2023.3239830,https://www.scopus.com/inward/record.uri?eid=2-s2.0-85147280052&doi=10.1109%2fTASC.2023.3239830&partnerID=40&md5=36859abf0892dae9c78619ca1d7de8f3,Article,Final,,Scopus,2-s2.0-85147280052
Ludin N.K.; Sulaiman M.H.; Daud M.R.; Saari M.M.; Mohamed A.I.; Jamil M.K.M.,"Ludin, Nurasilah Khamar (57206465875); Sulaiman, Mohd Herwan (55336854400); Daud, Mohd Razali (57004537100); Saari, Mohd Mawardi (57220107330); Mohamed, Amir Izzani (53984855400); Jamil, Mohamad Kamarol Mohd (57220854523)",57206465875; 55336854400; 57004537100; 57220107330; 53984855400; 57220854523,Effect of different edge radius of electrode on electric field distribution using finite element method (FEM),2019,"Proceedings - 2018 IEEE International Conference on Automatic Control and Intelligent Systems, I2CACIS 2018",,,8603687,94,98,4,2,10.1109/I2CACIS.2018.8603687,https://www.scopus.com/inward/record.uri?eid=2-s2.0-85061726875&doi=10.1109%2fI2CACIS.2018.8603687&partnerID=40&md5=2766b3c449b6ebf72b2ad089a340aa95,Conference paper,Final,,Scopus,2-s2.0-85061726875
Saari M.M.; Nadzri N.A.; Zaini M.A.H.P.; Sulaiman M.H.; Kiwa T.,"Saari, Mohd Mawardi (57220107330); Nadzri, Nurul Aiin (57201859397); Zaini, Mohd Aufa Hadi Putera (57207994127); Sulaiman, Mohd Herwan (55336854400); Kiwa, Toshihiko (6603908017)",57220107330; 57201859397; 57207994127; 55336854400; 6603908017,Simulation Study of Orthogonal Eddy Current Excitation Technique for Detection of Multi-Orientation Slit,2024,"2024 International Conference on System Science and Engineering, ICSSE 2024",,,,,,,0,10.1109/ICSSE61472.2024.10608893,https://www.scopus.com/inward/record.uri?eid=2-s2.0-85202431351&doi=10.1109%2fICSSE61472.2024.10608893&partnerID=40&md5=f651cd5fc7579d35fcba51fea0a121b7,Conference paper,Final,,Scopus,2-s2.0-85202431351
Saari M.M.; Mohamed D.; Johari N.H.; Ismail A.,"Saari, Mohd Mawardi (57220107330); Mohamed, Danial (57190224621); Johari, Nasrul Hadi (41761458900); Ismail, Abdullah (59302974400)",57220107330; 57190224621; 41761458900; 59302974400,Development of LC Resonant-Based Capacitance Sensor for Moisture Content Evaluation in Paddy Seeds,2026,Lecture Notes in Mechanical Engineering,,,,207,214,7,0,10.1007/978-981-96-7703-0_20,https://www.scopus.com/inward/record.uri?eid=2-s2.0-105022208682&doi=10.1007%2f978-981-96-7703-0_20&partnerID=40&md5=4f65d0c3862bc8d47dcb9efdef3f6ef3,Conference paper,Final,,Scopus,2-s2.0-105022208682
Mohamed D.; Saari M.M.; Ismail A.,"Mohamed, Danial (57190224621); Saari, Mohd Mawardi (57220107330); Ismail, Abdullah (59302974400)",57190224621; 57220107330; 59302974400,Evaluation of Differential Capacitance Technique in LC Resonant-Based Capacitance Sensor for Moisture Content Detection in Paddy Seeds,2024,"2024 International Conference on System Science and Engineering, ICSSE 2024",,,,,,,0,10.1109/ICSSE61472.2024.10608925,https://www.scopus.com/inward/record.uri?eid=2-s2.0-85202436490&doi=10.1109%2fICSSE61472.2024.10608925&partnerID=40&md5=9f2bf765ed062de3afa8e8c9e5e88dcd,Conference paper,Final,,Scopus,2-s2.0-85202436490
Saari M.M.; Nadzri N.A.; Halil A.M.; Ishak M.; Sakai K.; Kiwa T.; Tsukada K.,"Saari, M.M. (57220107330); Nadzri, N.A. (57201859397); Halil, A.M. (57192875407); Ishak, M. (55545861661); Sakai, K. (55453019800); Kiwa, T. (6603908017); Tsukada, K. (7201442097)",57220107330; 57201859397; 57192875407; 55545861661; 55453019800; 6603908017; 7201442097,Design of eddy current testing probe for surface defect evaluation,2019,International Journal of Automotive and Mechanical Engineering,16,1,,6357,6367,10,15,10.15282/ijame.16.1.2019.19.0481,https://www.scopus.com/inward/record.uri?eid=2-s2.0-85063629740&doi=10.15282%2fijame.16.1.2019.19.0481&partnerID=40&md5=7a25890a86582c6a130af49594a07c38,Article,Final,All Open Access; Gold Open Access; Green Open Access,Scopus,2-s2.0-85063629740
Lah N.A.C.; Johan M.R.; Samykano M.; Saari M.M.,"Lah, Nurul Akmal Che (37055955600); Johan, Mohd Rafie (8727448400); Samykano, Mahendran (57192878324); Saari, Mohd Mawardi (57220107330)",37055955600; 8727448400; 57192878324; 57220107330,Truncated and spheroidal Ag nanoparticles: a matter of size transformation,2018,Colloid and Polymer Science,296,1,,121,131,10,5,10.1007/s00396-017-4230-6,https://www.scopus.com/inward/record.uri?eid=2-s2.0-85034226428&doi=10.1007%2fs00396-017-4230-6&partnerID=40&md5=5bc0133be51507c64b0033cbb38837d2,Article,Final,,Scopus,2-s2.0-85034226428
Miyazaki S.; Kasuya S.; Saari M.M.; Sakai K.; Kiwa T.; Tsukamoto A.; Adachi S.; Tanabe K.; Tsukada K.,"Miyazaki, Shingo (55566509100); Kasuya, Syohei (56202255700); Saari, Mohd Mawardi (57220107330); Sakai, Kenji (55453019800); Kiwa, Toshihiko (6603908017); Tsukamoto, Akira (7005825806); Adachi, Seiji (55532929400); Tanabe, Keiichi (7401523414); Tsukada, Keiji (7201442097)",55566509100; 56202255700; 57220107330; 55453019800; 6603908017; 7005825806; 55532929400; 7401523414; 7201442097,DC current distribution mapping system of the solar panels using a HTS-SQUID gradiometer,2014,Journal of Physics: Conference Series,507,PART 4,42026,,,,2,10.1088/1742-6596/507/4/042026,https://www.scopus.com/inward/record.uri?eid=2-s2.0-84902258305&doi=10.1088%2f1742-6596%2f507%2f4%2f042026&partnerID=40&md5=2aaacdbaf880220f2a3fca568e43f0e7,Conference paper,Final,All Open Access; Gold Open Access,Scopus,2-s2.0-84902258305
Sakai K.; Saari M.M.; Kiwa T.; Tsukada K.,"Sakai, Kenji (55453019800); Saari, Mohd Mawardi (57220107330); Kiwa, Toshihiko (6603908017); Tsukada, Keiji (7201442097)",55453019800; 57220107330; 6603908017; 7201442097,Compact rotating-sample magnetometer for relaxation phenomenon measurement using HTS-SQUID,2013,IEEE Transactions on Applied Superconductivity,23,3,6399566,,,,8,10.1109/TASC.2012.2234324,https://www.scopus.com/inward/record.uri?eid=2-s2.0-84873365186&doi=10.1109%2fTASC.2012.2234324&partnerID=40&md5=2a4970c0d8ace7e088062ca684a3e0eb,Article,Final,,Scopus,2-s2.0-84873365186
Saari M.M.; Tsukamoto Y.; Kusaka T.; Ishihara Y.; Sakai K.; Kiwa T.; Tsukada K.,"Saari, Mohd Mawardi (57220107330); Tsukamoto, Yuya (56202582200); Kusaka, Toki (57212014621); Ishihara, Yuichi (23024826700); Sakai, Kenji (55453019800); Kiwa, Toshihiko (6603908017); Tsukada, Keiji (7201442097)",57220107330; 56202582200; 57212014621; 23024826700; 55453019800; 6603908017; 7201442097,Effect of diamagnetic contribution of water on harmonics distribution in a dilute solution of iron oxide nanoparticles measured using high-Tc SQUID magnetometer,2015,Journal of Magnetism and Magnetic Materials,394,,,260,265,5,14,10.1016/j.jmmm.2015.06.090,https://www.scopus.com/inward/record.uri?eid=2-s2.0-84936742882&doi=10.1016%2fj.jmmm.2015.06.090&partnerID=40&md5=396429c287caedabed04e3d9c477d13d,Article,Final,,Scopus,2-s2.0-84936742882
Nadzri N.A.; Hoe C.K.; Saari M.M.; Razali S.; Daud M.R.; Ahmad H.,"Nadzri, Nurul A’in (57201859397); Hoe, Chai Kar (57201849873); Saari, Mohd Mawardi (57220107330); Razali, Saifuddin (36810405400); Daud, Mohd Razali (57004537100); Ahmad, Hamzah (35304432800)",57201859397; 57201849873; 57220107330; 36810405400; 57004537100; 35304432800,Vehicle detection system using tunnel magnetoresistance sensor,2018,Lecture Notes in Mechanical Engineering,0,9.78981E+12,,547,555,8,2,10.1007/978-981-10-8788-2_49,https://www.scopus.com/inward/record.uri?eid=2-s2.0-85046302803&doi=10.1007%2f978-981-10-8788-2_49&partnerID=40&md5=696617bdb0e51d255cceac437241b872,Book chapter,Final,,Scopus,2-s2.0-85046302803
Geem C.H.; Mohamed A.I.; Saari M.M.; Sulaiman M.H.,"Geem, Chan Hwee (57041326300); Mohamed, Amir Izzani (53984855400); Saari, Mohd Mawardi (57220107330); Sulaiman, Mohd Herwan (55336854400)",57041326300; 53984855400; 57220107330; 55336854400,Determination of image conversion ratio for Transient Luminous Events (TLEs) observation system,2017,"2017 IEEE 8th Control and System Graduate Research Colloquium, ICSGRC 2017 - Proceedings",,,8070598,217,220,3,0,10.1109/ICSGRC.2017.8070598,https://www.scopus.com/inward/record.uri?eid=2-s2.0-85039948239&doi=10.1109%2fICSGRC.2017.8070598&partnerID=40&md5=78d0142bdba95e406f482239f3ce4cd7,Conference paper,Final,,Scopus,2-s2.0-85039948239
Mohamed A.I.; Saari M.M.; Ozaki R.; Kadowaki K.,"Mohamed, A.I. (53984855400); Saari, M.M. (57220107330); Ozaki, R. (7005460759); Kadowaki, K. (56022523200)",53984855400; 57220107330; 7005460759; 56022523200,Influence Of mechanical pressure on space charge penetration behavior in low-density polyethylene (LDPE) sheet,2017,Proceedings of the International Symposium on Electrical Insulating Materials,1,,,184,187,3,9,10.23919/iseim.2017.8088718,https://www.scopus.com/inward/record.uri?eid=2-s2.0-85041796114&doi=10.23919%2fiseim.2017.8088718&partnerID=40&md5=f5d79af35b372f204d664c6d9cd81ca7,Conference paper,Final,,Scopus,2-s2.0-85041796114
Saari M.M.; Sakai K.; Kiwa T.; Sasayama T.; Yoshida T.; Tsukada K.,"Saari, M.M. (57220107330); Sakai, K. (55453019800); Kiwa, T. (6603908017); Sasayama, T. (36603405100); Yoshida, T. (55628540672); Tsukada, K. (7201442097)",57220107330; 55453019800; 6603908017; 36603405100; 55628540672; 7201442097,Characterization of the magnetic moment distribution in low-concentration solutions of iron oxide nanoparticles by a high- T c superconducting quantum interference device magnetometer,2015,Journal of Applied Physics,117,17,17B321,,,,29,10.1063/1.4919043,https://www.scopus.com/inward/record.uri?eid=2-s2.0-84928797635&doi=10.1063%2f1.4919043&partnerID=40&md5=1be53d057f1738de343280f5b4b20a79,Article,Final,,Scopus,2-s2.0-84928797635
Sakai K.; Saari M.M.; Kiwa T.; Tsukamoto A.; Adachi S.; Tanabe K.; Kandori A.; Tsukada K.,"Sakai, K. (55453019800); Saari, M.M. (57220107330); Kiwa, T. (6603908017); Tsukamoto, A. (7005825806); Adachi, S. (55532929400); Tanabe, K. (7401523414); Kandori, A. (7004669162); Tsukada, K. (7201442097)",55453019800; 57220107330; 6603908017; 7005825806; 55532929400; 7401523414; 7004669162; 7201442097,Development of a compact DC magnetometer using HTS-SQUID and a rotating sample,2012,Superconductor Science and Technology,25,4,45005,,,,17,10.1088/0953-2048/25/4/045005,https://www.scopus.com/inward/record.uri?eid=2-s2.0-84858680134&doi=10.1088%2f0953-2048%2f25%2f4%2f045005&partnerID=40&md5=cd9db8a2e71d117fd10b0ef3fbca77d0,Article,Final,,Scopus,2-s2.0-84858680134
Kiwa T.; Miyazaki S.; Saari M.M.; Sakai K.; Tsukamoto A.; Adachi S.; Hato T.; Tanabe K.; Tsukada K.,"Kiwa, Toshihiko (6603908017); Miyazaki, Shinogo (59883754000); Saari, Mohd M. (57220107330); Sakai, Kenji (55453019800); Tsukamoto, Akira (7005825806); Adachi, Seiji (55532929400); Hato, Tsunehiro (56894709600); Tanabe, Keiichi (7401523414); Tsukada, Keiji (7201442097)",6603908017; 59883754000; 57220107330; 55453019800; 7005825806; 55532929400; 56894709600; 7401523414; 7201442097,Visualization of ion transportation in an electrolyte using an HTS-SQUID gradiometer,2014,Physica C: Superconductivity and its Applications,504,,,84,87,3,3,10.1016/j.physc.2014.04.024,https://www.scopus.com/inward/record.uri?eid=2-s2.0-84905240156&doi=10.1016%2fj.physc.2014.04.024&partnerID=40&md5=96d58fea9aef85c0d7900ba677a2086f,Article,Final,,Scopus,2-s2.0-84905240156
Tsukada K.; Morita K.; Matsunaga Y.; Saari M.M.; Sakai K.; Kiwa T.,"Tsukada, Keiji (7201442097); Morita, Koji (56461975500); Matsunaga, Yasuaki (57189358092); Saari, Mohd Mawardi (57220107330); Sakai, Kenji (55453019800); Kiwa, Toshihiko (6603908017)",7201442097; 56461975500; 57189358092; 57220107330; 55453019800; 6603908017,Hybrid Type HTS-SQUID Magnetometer with Vibrating and Rotating Sample,2016,IEEE Transactions on Applied Superconductivity,26,3,7412723,,,,13,10.1109/TASC.2016.2531632,https://www.scopus.com/inward/record.uri?eid=2-s2.0-84969802524&doi=10.1109%2fTASC.2016.2531632&partnerID=40&md5=8a60bc2dcb4c09c607ae864ea787a591,Article,Final,,Scopus,2-s2.0-84969802524
Saari M.M.; Sakai K.; Kiwa T.; Tsukamoto A.; Adachi S.; Tanabe K.; Kandori A.; Tsukada K.,"Saari, Mohd Mawardi (57220107330); Sakai, Kenji (55453019800); Kiwa, Toshihiko (6603908017); Tsukamoto, Akira (7005825806); Adachi, Seiji (55532929400); Tanabe, Keiichi (7401523414); Kandori, Akihiko (7004669162); Tsukada, Keiji (7201442097)",57220107330; 55453019800; 6603908017; 7005825806; 55532929400; 7401523414; 7004669162; 7201442097,Development of a compact moving-sample magnetometer using high-Tc superconducting quantum interference device,2012,Japanese Journal of Applied Physics,51,4 PART 1,46601,,,,19,10.1143/JJAP.51.046601,https://www.scopus.com/inward/record.uri?eid=2-s2.0-84860459646&doi=10.1143%2fJJAP.51.046601&partnerID=40&md5=07665e47e29a62ce95b05370363e4b71,Article,Final,,Scopus,2-s2.0-84860459646
Kiwa T.; Fukudome Y.; Miyazaki S.; Saari M.M.; Sakai K.; Tsukamoto A.; Adachi S.; Tanabe K.; Kandori A.; Tsukada K.,"Kiwa, Toshihiko (6603908017); Fukudome, Yohei (57214389774); Miyazaki, Shingo (55566509100); Saari, Mohd Mawardi (57220107330); Sakai, Kenji (55453019800); Tsukamoto, Akira (7005825806); Adachi, Seiji (55532929400); Tanabe, Keiichi (7401523414); Kandori, Akihiko (7004669162); Tsukada, Keiji (7201442097)",6603908017; 57214389774; 55566509100; 57220107330; 55453019800; 7005825806; 55532929400; 7401523414; 7004669162; 7201442097,Magnetic detection of currents in an electrolytic cell using high-T C SQUID,2013,IEEE Transactions on Applied Superconductivity,23,3,6359780,,,,5,10.1109/TASC.2012.2228736,https://www.scopus.com/inward/record.uri?eid=2-s2.0-84872723475&doi=10.1109%2fTASC.2012.2228736&partnerID=40&md5=14d09c620f6403382a4ae3d65d98fe31,Article,Final,,Scopus,2-s2.0-84872723475
Takagi R.; Saari M.M.; Sakai K.; Kiwa T.; Tsukada K.,"Takagi, Ryuki (55876469800); Saari, Mohd Mawardi (57220107330); Sakai, Kenji (55453019800); Kiwa, Toshihiko (6603908017); Tsukada, Keiji (7201442097)",55876469800; 57220107330; 55453019800; 6603908017; 7201442097,Compact AC/DC susceptometer using a high-temperature superconductor superconducting quantum interference device,2014,IEEJ Transactions on Fundamentals and Materials,134,6,,369,374,5,0,10.1541/ieejfms.134.369,https://www.scopus.com/inward/record.uri?eid=2-s2.0-84901792824&doi=10.1541%2fieejfms.134.369&partnerID=40&md5=67b2211d6f87bcee89921c990abef3f3,Article,Final,,Scopus,2-s2.0-84901792824
Kiwa T.; Fukudome Y.; Miyazaki S.; Saari M.M.; Sakai K.; Tsukada K.,"Kiwa, Toshihiko (6603908017); Fukudome, Yohei (57214389774); Miyazaki, Shingo (55566509100); Saari, Mohd Mawardi (57220107330); Sakai, Kenji (55453019800); Tsukada, Keiji (7201442097)",6603908017; 57214389774; 55566509100; 57220107330; 55453019800; 7201442097,Magnetic evaluation of a solar panel using HTS-SQUID,2013,Physica C: Superconductivity and its Applications,494,,,195,198,3,2,10.1016/j.physc.2013.04.080,https://www.scopus.com/inward/record.uri?eid=2-s2.0-84884819052&doi=10.1016%2fj.physc.2013.04.080&partnerID=40&md5=954340e8375afe5e98595bb43a213298,Article,Final,,Scopus,2-s2.0-84884819052
Hamasaki D.; Okamoto N.; Saari M.M.; Sakai K.; Kiwa T.; Tsukada K.,"Hamasaki, Daichi (55877080100); Okamoto, Naohiro (57197493060); Saari, Mohd Mawardi (57220107330); Sakai, Kenji (55453019800); Kiwa, Toshihiko (6603908017); Tsukada, Keiji (7201442097)",55877080100; 57197493060; 57220107330; 55453019800; 6603908017; 7201442097,Improvement of sensitivity for a compact magnetometer using HTS-SQUID with rotating sample,2014,IEEJ Transactions on Fundamentals and Materials,134,5,,347,351,4,0,10.1541/ieejfms.134.347,https://www.scopus.com/inward/record.uri?eid=2-s2.0-84899864898&doi=10.1541%2fieejfms.134.347&partnerID=40&md5=83a0db5f21ed10835649e0028c8261e0,Article,Final,,Scopus,2-s2.0-84899864898
Hamasaki D.; Okamoto N.; Saari M.M.; Sakai K.; Kiwa T.; Tsukada K.,"Hamasaki, Daichi (55877080100); Okamoto, Naohiro (57197493060); Saari, Mohd Mawardi (57220107330); Sakai, Kenji (55453019800); Kiwa, Toshihiko (6603908017); Tsukada, Keiji (7201442097)",55877080100; 57197493060; 57220107330; 55453019800; 6603908017; 7201442097,Improvement of sensitivity for a compact magnetometer using HTS-SQUID with rotating sample,2013,"2013 IEEE 14th InternationalSuperconductive Electronics Conference, ISEC 2013",,,6604306,,,,0,10.1109/ISEC.2013.6604306,https://www.scopus.com/inward/record.uri?eid=2-s2.0-84885233915&doi=10.1109%2fISEC.2013.6604306&partnerID=40&md5=3b25c808ef226a90011c3ac2def40829,Conference paper,Final,,Scopus,2-s2.0-84885233915
Takagi R.; Saari M.M.; Sakai K.; Kiwa T.; Tsukada K.,"Takagi, Ryuki (55876469800); Saari, Mohd Mawardi (57220107330); Sakai, Kenji (55453019800); Kiwa, Toshihiko (6603908017); Tsukada, Keiji (7201442097)",55876469800; 57220107330; 55453019800; 6603908017; 7201442097,Compact AC/DC Susceptometer Using a High-Temperature Superconducting Quantum Interference Device,2016,Electronics and Communications in Japan,99,3,,369,374,5,0,10.1002/ecj.11779,https://www.scopus.com/inward/record.uri?eid=2-s2.0-84958684507&doi=10.1002%2fecj.11779&partnerID=40&md5=eb263b8d5e9d6e12102b45e69d4a0855,Article,Final,,Scopus,2-s2.0-84958684507
Sakai K.; Okamoto N.; Watanabe Y.; Saari M.M.; Kiwa T.; Tsukada K.,"Sakai, Kenji (55453019800); Okamoto, Naohiro (57197493060); Watanabe, Yuuta (57702357200); Saari, Mohd Mawardi (57220107330); Kiwa, Toshihiko (6603908017); Tsukada, Keiji (7201442097)",55453019800; 57197493060; 57702357200; 57220107330; 6603908017; 7201442097,Moisture content evaluation using improved high-tc squid-based rotating-sample magnetometer,2015,IEEE Transactions on Applied Superconductivity,25,3,69268341,,,,2,10.1109/TASC.2014.2363353,https://www.scopus.com/inward/record.uri?eid=2-s2.0-84919898136&doi=10.1109%2fTASC.2014.2363353&partnerID=40&md5=2aa38c67dde9aa518177d3ae21fc9ea2,Article,Final,,Scopus,2-s2.0-84919898136
Tsukada K.; Kusaka T.; Saari M.M.; Takagi R.; Sakai K.; Kiwa T.; Bito Y.,"Tsukada, K. (7201442097); Kusaka, T. (57212014621); Saari, M.M. (57220107330); Takagi, R. (55876469800); Sakai, K. (55453019800); Kiwa, T. (6603908017); Bito, Y. (7004601583)",7201442097; 57212014621; 57220107330; 55876469800; 55453019800; 6603908017; 7004601583,Magnetic susceptibility and magnetic resonance measurements of the moisture content and hydration condition of a magnetic mixture material,2014,Journal of Applied Physics,115,17,1.70E+302,,,,5,10.1063/1.4852075,https://www.scopus.com/inward/record.uri?eid=2-s2.0-84893132110&doi=10.1063%2f1.4852075&partnerID=40&md5=eb5976c162dbc07097fa539301565dfc,Article,Final,,Scopus,2-s2.0-84893132110
Saari M.M.; Ishihara Y.; Tsukamoto Y.; Kusaka T.; Morita K.; Sakai K.; Kiwa T.; Tsukada K.,"Saari, Mohd Mawardi (57220107330); Ishihara, Yuichi (23024826700); Tsukamoto, Yuya (56202582200); Kusaka, Toki (57212014621); Morita, Koji (56461975500); Sakai, Kenji (55453019800); Kiwa, Toshihiko (6603908017); Tsukada, Keiji (7201442097)",57220107330; 23024826700; 56202582200; 57212014621; 56461975500; 55453019800; 6603908017; 7201442097,Optimization of an AC/DC High- Tc SQUID magnetometer detection unit for evaluation of magnetic nanoparticles in solution,2015,IEEE Transactions on Applied Superconductivity,25,3,6928410,,,,18,10.1109/TASC.2014.2363633,https://www.scopus.com/inward/record.uri?eid=2-s2.0-84919934537&doi=10.1109%2fTASC.2014.2363633&partnerID=40&md5=95967259c729ef6ae8a69109e22fbba8,Article,Final,,Scopus,2-s2.0-84919934537
Sasayama T.; Yoshida T.; Saari M.M.; Enpuku K.,"Sasayama, T. (36603405100); Yoshida, T. (55628540672); Saari, M.M. (57220107330); Enpuku, K. (7006022081)",36603405100; 55628540672; 57220107330; 7006022081,Comparison of volume distribution of magnetic nanoparticles obtained from M-H curve with a mixture of log-normal distributions,2015,Journal of Applied Physics,117,17,17D155,,,,22,10.1063/1.4919268,https://www.scopus.com/inward/record.uri?eid=2-s2.0-84928920068&doi=10.1063%2f1.4919268&partnerID=40&md5=4a34b04a08aa48f8f82dce578126fc5e,Article,Final,,Scopus,2-s2.0-84928920068
Saari M.M.; Suhaimi N.S.; Razali S.; Che Lah N.A.; Sakai K.; Kiwa T.; Tsukada K.,"Saari, Mohd Mawardi (57220107330); Suhaimi, Nazatul Sharreena (57211346068); Razali, Saifudin (36810405400); Che Lah, Nurul Akmal (37055955600); Sakai, Kenji (55453019800); Kiwa, Toshihiko (6603908017); Tsukada, Keiji (7201442097)",57220107330; 57211346068; 36810405400; 37055955600; 55453019800; 6603908017; 7201442097,Development of a resonant excitation coil of AC magnetometer for evaluation of magnetic fluid,2018,"Journal of Telecommunication, Electronic and Computer Engineering",10,1-Feb,,127,130,3,4,,https://www.scopus.com/inward/record.uri?eid=2-s2.0-85045130137&partnerID=40&md5=4a8df385e3892564ad468629a4e69519,Article,Final,,Scopus,2-s2.0-85045130137
Takagi R.; Saari M.M.; Sakai K.; Kiwa T.; Tsukada K.,"Takagi, Ryuki (55876469800); Saari, Mohd Mawardi (57220107330); Sakai, Kenji (55453019800); Kiwa, Toshihiko (6603908017); Tsukada, Keiji (7201442097)",55876469800; 57220107330; 55453019800; 6603908017; 7201442097,Development of a compact magnetometer with an AC/DC magnetic field using HTS-SQUID,2013,"2013 IEEE 14th InternationalSuperconductive Electronics Conference, ISEC 2013",,,6604309,,,,0,10.1109/ISEC.2013.6604309,https://www.scopus.com/inward/record.uri?eid=2-s2.0-84885222825&doi=10.1109%2fISEC.2013.6604309&partnerID=40&md5=5f54a255226cbc16dd779a4973a3cac2,Conference paper,Final,,Scopus,2-s2.0-84885222825
Hamasaki D.; Okamoto N.; Saari M.M.; Sakai K.; Kiwa T.; Tsukada K.,"Hamasaki, Daichi (55877080100); Okamoto, Naohiro (57197493060); Saari, Mohd Mawardi (57220107330); Sakai, Kenji (55453019800); Kiwa, Toshihiko (6603908017); Tsukada, Keiji (7201442097)",55877080100; 57197493060; 57220107330; 55453019800; 6603908017; 7201442097,Improvement of sensitivity of a compact magnetometer by using HTS-SQUID with rotating sample,2016,Electrical Engineering in Japan (English translation of Denki Gakkai Ronbunshi),194,2,,9,14,5,0,10.1002/eej.22732,https://www.scopus.com/inward/record.uri?eid=2-s2.0-84944930954&doi=10.1002%2feej.22732&partnerID=40&md5=9d1ec8c8685e2a40066404a0ba48152b,Article,Final,,Scopus,2-s2.0-84944930954
Kiwa T.; Morita K.; Matsunaga Y.; Saari M.M.; Sakai K.; Tsukada K.,"Kiwa, Toshihiko (6603908017); Morita, Koji (56461975500); Matsunaga, Yasuaki (57189358092); Saari, Mohd Mawardi (57220107330); Sakai, Kenji (55453019800); Tsukada, Keiji (7201442097)",6603908017; 56461975500; 57189358092; 57220107330; 55453019800; 7201442097,High-Resolution Laser-Assisted Magnetic Nanoparticle Imaging Using a High-TC SQUID Magnetometer,2017,IEEE Transactions on Applied Superconductivity,27,4,7828087,,,,4,10.1109/TASC.2017.2656118,https://www.scopus.com/inward/record.uri?eid=2-s2.0-85014893526&doi=10.1109%2fTASC.2017.2656118&partnerID=40&md5=786d02d62331fcae614446c58663817b,Article,Final,,Scopus,2-s2.0-85014893526
Saari M.M.; Takagi R.; Kusaka T.; Ishihara Y.; Tsukamoto Y.; Sakai K.; Kiwa T.; Tsukada K.,"Saari, Mohd Mawardi (57220107330); Takagi, Ryuki (55876469800); Kusaka, Toki (57212014621); Ishihara, Yuichi (23024826700); Tsukamoto, Yuya (56202582200); Sakai, Kenji (55453019800); Kiwa, Toshihiko (6603908017); Tsukada, Keiji (7201442097)",57220107330; 55876469800; 57212014621; 23024826700; 56202582200; 55453019800; 6603908017; 7201442097,Development of integrated AC-DC magnetometer using high-Tc SQUID for magnetic properties evaluation of magnetic nanoparticles in solution,2014,Journal of Physics: Conference Series,507,PART 4,42035,,,,4,10.1088/1742-6596/507/4/042035,https://www.scopus.com/inward/record.uri?eid=2-s2.0-84902262104&doi=10.1088%2f1742-6596%2f507%2f4%2f042035&partnerID=40&md5=5297593ac00aa089e0c8a995a29fed1a,Conference paper,Final,All Open Access; Gold Open Access,Scopus,2-s2.0-84902262104
Suhaimi N.S.; Saari M.M.; Mohamed A.I.; Lah N.A.C.; Samykano M.,"Suhaimi, Nazatul Sharreena (57211346068); Saari, Mohd Mawardi (57220107330); Mohamed, Amir Izzani (53984855400); Lah, Nurul Akmal Che (37055955600); Samykano, Mahendran (57192878324)",57211346068; 57220107330; 53984855400; 37055955600; 57192878324,Development of a compact and sensitive AC magnetometer for evaluation of magnetic nanoparticles solution,2017,"2017 IEEE 8th Control and System Graduate Research Colloquium, ICSGRC 2017 - Proceedings",,,8070599,221,224,3,5,10.1109/ICSGRC.2017.8070599,https://www.scopus.com/inward/record.uri?eid=2-s2.0-85039958644&doi=10.1109%2fICSGRC.2017.8070599&partnerID=40&md5=e0552435f6608686d368136be5fd0c34,Conference paper,Final,,Scopus,2-s2.0-85039958644
Lah N.A.C.; Samykano M.; Johan M.R.; Othman N.S.; Saari M.M.; Fen L.B.; Khalil N.Z.,"Lah, Nurul Akmal Che (37055955600); Samykano, Mahendran (57192878324); Johan, Mohd Rafie (8727448400); Othman, Nuurul Syahierah (57158970900); Saari, Mohd Mawardi (57220107330); Fen, Leo Bey (37019847700); Khalil, Nur Zalikha (56927879300)",37055955600; 57192878324; 8727448400; 57158970900; 57220107330; 37019847700; 56927879300,Plasmonic behaviour of phenylenediamine functionalised silver nanoparticles,2017,Materials Research Express,4,9,95018,,,,9,10.1088/2053-1591/aa8a84,https://www.scopus.com/inward/record.uri?eid=2-s2.0-85030693204&doi=10.1088%2f2053-1591%2faa8a84&partnerID=40&md5=c91d86d90e938f5ff3d8a51868f30271,Article,Final,,Scopus,2-s2.0-85030693204
