"Authors","Author full names","Author(s) ID","Title","Year","Source title","Volume","Issue","Art. No.","Page start","Page end","Page count","Cited by","DOI","Link","Document Type","Publication Stage","Open Access","Source","EID"
"Zahari H.; Hussin H.; Muhamad M.; Soin N.; Wahab Y.A.","Zahari, Hashimah (58059346600); Hussin, Hanim (24776411200); Muhamad, Maizan (36104384600); Soin, Norhayati (13008659000); Wahab, Yasmin Abdul (57203353903)","58059346600; 24776411200; 36104384600; 13008659000; 57203353903","ANALYSIS OF NBTI EFFECTS ON READ AND WRITE OPERATIONS OF 6T SRAM CELLS","2022","Journal of Engineering Science and Technology","17","6","","4308","4319","11","0","","https://www.scopus.com/inward/record.uri?eid=2-s2.0-85146073088&partnerID=40&md5=a607f85088bb721415c4b137cfaeae04","Article","Final","","Scopus","2-s2.0-85146073088"
"Alias N.E.; Ishaak S.; Hong K.J.; Tan M.L.P.; Hamzah A.; Wahab Y.A.","Alias, Nurul Ezaila (35118613500); Ishaak, Suhaila (57218956196); Hong, Koo Jian (57218953356); Tan, Michael Loong Peng (24475887700); Hamzah, Afiq (55565983100); Wahab, Yasmin Abdul (57203353903)","35118613500; 57218956196; 57218953356; 24475887700; 55565983100; 57203353903","ASIC Implementation and Optimization of 16 Bit SDRAM Memory Controller","2020","IEEE International Conference on Semiconductor Electronics, Proceedings, ICSE","2020-July","","9166869","81","84","3","6","10.1109/ICSE49846.2020.9166869","https://www.scopus.com/inward/record.uri?eid=2-s2.0-85090915573&doi=10.1109%2fICSE49846.2020.9166869&partnerID=40&md5=e40b6d587204ae21ee8e5c69a3995900","Conference paper","Final","","Scopus","2-s2.0-85090915573"
"Siddiqi M.M.; Naseer M.N.; Wahab Y.A.; Hamizi N.A.; Badruddin I.A.; Chowdhury Z.Z.; Akbarzadeh O.; Johan M.R.; Khan T.M.Y.; Kamangar S.","Siddiqi, Muhammad Mobin (57211978301); Naseer, Muhammad Nihal (57211979351); Wahab, Yasmin Abdul (57203353903); Hamizi, Nor Aliya (36241689500); Badruddin, Irfan Anjum (12544753000); Chowdhury, Zaira Zaman (36975026400); Akbarzadeh, Omid (55984413100); Johan, Mohd Rafie (8727448400); Khan, T.M. Yunus (57455192700); Kamangar, Sarfaraz (54785996300)","57211978301; 57211979351; 57203353903; 36241689500; 12544753000; 36975026400; 55984413100; 8727448400; 57455192700; 54785996300","Evaluation of municipal solid wastes based energy potential in urban Pakistan","2019","Processes","7","11","848","","","","34","10.3390/pr7110848","https://www.scopus.com/inward/record.uri?eid=2-s2.0-85075555064&doi=10.3390%2fpr7110848&partnerID=40&md5=43da4b8946b3bc03803a177d7059e3de","Article","Final","All Open Access; Gold Open Access; Green Open Access","Scopus","2-s2.0-85075555064"
"Ganlin H.; Alias N.E.; Tan M.L.P.; Hamzah M.N.; Wahab Y.A.; Hussin H.","Ganlin, Huang (59368397400); Alias, N. Ezaila (35118613500); Tan, M. L. Peng (24475887700); Hamzah, M.N. (58040138700); Wahab, Yasmin Abdul (57203353903); Hussin, Hanim (24776411200)","59368397400; 35118613500; 24475887700; 58040138700; 57203353903; 24776411200","Reliability Analysis of Multibridge Channel Field Effect Transistor","2024","IEEE International Conference on Semiconductor Electronics, Proceedings, ICSE","","","","33","36","3","0","10.1109/ICSE62991.2024.10681374","https://www.scopus.com/inward/record.uri?eid=2-s2.0-85206486240&doi=10.1109%2fICSE62991.2024.10681374&partnerID=40&md5=8512a8f3126cddc94ebbff956e8573c2","Conference paper","Final","","Scopus","2-s2.0-85206486240"
"Chowdhury Z.Z.; Chinnappan A.; Elsayid Ali A.; Abdul Wahab Y.; Hamizi N.; Ab Rahman M.B.; Ramakrishna S.","Chowdhury, Zaira Zaman (36975026400); Chinnappan, Amutha (36918009200); Elsayid Ali, Ahmed (58251966600); Abdul Wahab, Yasmin (57203353903); Hamizi, NorAliya (36241689500); Ab Rahman, Marlinda Binti (55233671600); Ramakrishna, Seeram (57205523298)","36975026400; 36918009200; 58251966600; 57203353903; 36241689500; 55233671600; 57205523298","Recycling Waste Biopolymers via Electrospinning for Water Treatment: Waste to Wealth Roadmap, Future Perspective, and Challenges","2022","Handbook of Solid Waste Management: Sustainability through Circular Economy","","","","1827","1860","33","2","10.1007/978-981-16-4230-2_91","https://www.scopus.com/inward/record.uri?eid=2-s2.0-85159478035&doi=10.1007%2f978-981-16-4230-2_91&partnerID=40&md5=4b469ed79928658a74420299404c1468","Book chapter","Final","","Scopus","2-s2.0-85159478035"
"Mohammed A.V.; Sagadevan S.; Wahab Y.A.; Osman R.A.M.","Mohammed, Azeezaa Varsha (56387648200); Sagadevan, Suresh (57793664300); Wahab, Yasmin Abdul (57203353903); Osman, Rozana Aina Maulat (37261764900)","56387648200; 57793664300; 57203353903; 37261764900","Synthesis and physico-chemical characterization of nonlinear optical single crystals of S-carboxymethyl L-cysteine for optoelectronic devices applications","2020","AIP Conference Proceedings","2203","","020034","","","","2","10.1063/1.5142126","https://www.scopus.com/inward/record.uri?eid=2-s2.0-85078080507&doi=10.1063%2f1.5142126&partnerID=40&md5=e3cc032d43f9936c9cba2dbc31e266e5","Conference paper","Final","All Open Access; Bronze Open Access","Scopus","2-s2.0-85078080507"
"Hossain M.A.M.; Uddin S.M.K.; Sultana S.; Wahab Y.A.; Sagadevan S.; Johan M.R.; Ali M.E.","Hossain, M. A. Motalib (57226629032); Uddin, Syed Muhammad Kamal (57207815992); Sultana, Sharmin (59091069100); Wahab, Yasmin Abdul (57203353903); Sagadevan, Suresh (57793664300); Johan, Mohd Rafie (8727448400); Ali, Md. Eaqub (55333097600)","57226629032; 57207815992; 59091069100; 57203353903; 57793664300; 8727448400; 55333097600","Authentication of Halal and Kosher meat and meat products: Analytical approaches, current progresses and future prospects","2021","Critical Reviews in Food Science and Nutrition","62","2","","285","310","25","59","10.1080/10408398.2020.1814691","https://www.scopus.com/inward/record.uri?eid=2-s2.0-85090945781&doi=10.1080%2f10408398.2020.1814691&partnerID=40&md5=965bf99d848ef5d100a761925a9970c3","Review","Final","","Scopus","2-s2.0-85090945781"
"Ahmed S.M.; Soin N.; Hatta S.F.W.M.; Wahab Y.A.","Ahmed, Syed Muzamil (57192429578); Soin, Norhayati (13008659000); Hatta, Sharifah Fatmadiana Wan Muhamad (22634464300); Wahab, Yasmin Abdul (57203353903)","57192429578; 13008659000; 22634464300; 57203353903","Flexible CNT/silicon piezo-resistive strain sensors geometrical influences on sensitivity for human motion detection","2024","Journal of Computational Electronics","23","2","","456","466","10","3","10.1007/s10825-024-02135-y","https://www.scopus.com/inward/record.uri?eid=2-s2.0-85184196221&doi=10.1007%2fs10825-024-02135-y&partnerID=40&md5=09c1142d756b2f3cd67a82d0a2b4a8d6","Article","Final","","Scopus","2-s2.0-85184196221"
"Naidu T.; Muhamad Hatta S.W.; Soin N.; Rahman S.; Wahab Y.A.","Naidu, Tineesha (57204589741); Muhamad Hatta, Sharifah Wan (57170711600); Soin, Norhayati (13008659000); Rahman, Sharidya (58643451800); Wahab, Yasmin Abdul (57203353903)","57204589741; 57170711600; 13008659000; 58643451800; 57203353903","Study on breakdown characteristics of A1GaN/GaN-based HFETs","2018","IEEE International Conference on Semiconductor Electronics, Proceedings, ICSE","2018-August","","8481207","41","44","3","0","10.1109/SMELEC.2018.8481207","https://www.scopus.com/inward/record.uri?eid=2-s2.0-85056270486&doi=10.1109%2fSMELEC.2018.8481207&partnerID=40&md5=7f897f5d7cd8ee9f15f93b0da622044e","Conference paper","Final","","Scopus","2-s2.0-85056270486"
"Mohammed A.H.; Muhamad M.; Hussin H.; Alias N.E.; Wahab Y.A.","Mohammed, Alaa Hadi (58881797100); Muhamad, Maizan (36104384600); Hussin, Hanim (24776411200); Alias, Nurul Ezaila (35118613500); Wahab, Yasmin Abdul (57203353903)","58881797100; 36104384600; 24776411200; 35118613500; 57203353903","Enhancing output Current of Biological Photovoltaic Cells Using the Electrical Programming Technology","2024","2024 IEEE International Conference on Applied Electronics and Engineering, ICAEE 2024","","","","","","","0","10.1109/ICAEE62924.2024.10667628","https://www.scopus.com/inward/record.uri?eid=2-s2.0-85204768403&doi=10.1109%2fICAEE62924.2024.10667628&partnerID=40&md5=d436817b370326c787420a624e5b4052","Conference paper","Final","","Scopus","2-s2.0-85204768403"
"Youhanis H.A.; Abdul Hadi M.F.; Hussin H.; Muhamad M.; Abdul Aziz A.; Abdul Wahab Y.","Youhanis, H.A. (58616736400); Abdul Hadi, M.F. (57261442400); Hussin, H. (24776411200); Muhamad, M. (36104384600); Abdul Aziz, A. (57781261500); Abdul Wahab, Y. (57203353903)","58616736400; 57261442400; 24776411200; 36104384600; 57781261500; 57203353903","Reliability Evaluation of Hot Carrier Injection Effects on MOSFET Devices","2023","Proceedings of the 5th International Conference on Inventive Research in Computing Applications, ICIRCA 2023","","","","1505","1511","6","3","10.1109/ICIRCA57980.2023.10220658","https://www.scopus.com/inward/record.uri?eid=2-s2.0-85172190451&doi=10.1109%2fICIRCA57980.2023.10220658&partnerID=40&md5=108770ebe17e9e86a7b32e659e95bca9","Conference paper","Final","","Scopus","2-s2.0-85172190451"
"Khairul Azri A.A.; Mohd Jasni M.S.; Wan Muhamad Hatta S.F.; Islam M.A.; Abdul Wahab Y.; Mekhilef S.; Ker P.J.","Khairul Azri, A.A. (58294307100); Mohd Jasni, M.S. (57368165200); Wan Muhamad Hatta, S.F. (35184383500); Islam, M.A. (58806853000); Abdul Wahab, Y. (57203353903); Mekhilef, S. (57928298500); Ker, P.J. (37461740800)","58294307100; 57368165200; 35184383500; 58806853000; 57203353903; 57928298500; 37461740800","Advancement in thermophotovoltaic technology and nanoparticle incorporation for power generation","2023","Solar Energy","259","","","279","297","18","9","10.1016/j.solener.2023.05.018","https://www.scopus.com/inward/record.uri?eid=2-s2.0-85160545548&doi=10.1016%2fj.solener.2023.05.018&partnerID=40&md5=a9cdb1797735cadd92dc70de0d6f7c39","Review","Final","","Scopus","2-s2.0-85160545548"
"Akbarzadeh O.; Zabidi N.A.M.; Merican Z.M.A.; Sagadevan S.; Kordijazi A.; Das S.; Babadi A.A.; Rahman M.A.; Hamizi N.A.; Wahab Y.A.; Johan M.R.","Akbarzadeh, Omid (55984413100); Zabidi, Noor Asmawati Mohd (6507905621); Merican, Zulkifli Merican Aljunid (11139315400); Sagadevan, Suresh (57793664300); Kordijazi, Amir (56491317200); Das, Sourav (57205141007); Babadi, Arman Amani (55867055000); Rahman, Marlinda Ab (55233671600); Hamizi, Nor Aliya (36241689500); Wahab, Yasmin Abdul (57203353903); Johan, Mohd Rafie (8727448400)","55984413100; 6507905621; 11139315400; 57793664300; 56491317200; 57205141007; 55867055000; 55233671600; 36241689500; 57203353903; 8727448400","Effect of manganese on Co-Mn/CNT bimetallic catalyst performance in Fischer-Tropsch reaction","2019","Symmetry","11","11","1328","","","","10","10.3390/sym11111328","https://www.scopus.com/inward/record.uri?eid=2-s2.0-85075533164&doi=10.3390%2fsym11111328&partnerID=40&md5=38d10f7884ac4900b9d1e333dd59de48","Article","Final","All Open Access; Gold Open Access; Green Open Access","Scopus","2-s2.0-85075533164"
"Zaidi A.A.; Khan S.Z.; Naseer M.N.; Almohammadi H.; Asif M.; Wahab Y.A.; Islam M.A.; Johan M.R.; Hussin H.","Zaidi, Asad A. (57208091318); Khan, Sohaib Z. (23670304300); Naseer, Muhammad Nihal (57211979351); Almohammadi, Hamad (58091478100); Asif, Muhammad (57616259400); Wahab, Yasmin Abdul (57203353903); Islam, Mohammad Aminul (58806853000); Johan, Mohd Rafie (8727448400); Hussin, Hanim (24776411200)","57208091318; 23670304300; 57211979351; 58091478100; 57616259400; 57203353903; 58806853000; 8727448400; 24776411200","Optimization of Cobalt Nanoparticles for Biogas Enhancement from Green Algae Using Response Surface Methodology","2023","Periodica Polytechnica Chemical Engineering","67","1","","116","126","10","6","10.3311/PPch.20375","https://www.scopus.com/inward/record.uri?eid=2-s2.0-85147437711&doi=10.3311%2fPPch.20375&partnerID=40&md5=08d3984a6f5f9dcdc2272262359d4b19","Article","Final","All Open Access; Gold Open Access","Scopus","2-s2.0-85147437711"
"Khairul Azri A.A.; Wan Muhamad Hatta S.F.; Abdul Wahab Y.; Islam M.A.; Mekhilef S.; Ker P.J.; Zuhdi A.W.M.","Khairul Azri, A.A. (58294307100); Wan Muhamad Hatta, S.F. (35184383500); Abdul Wahab, Y. (57203353903); Islam, M.A. (58806853000); Mekhilef, S. (57928298500); Ker, P.J. (37461740800); Zuhdi, A.W.M. (56589966300)","58294307100; 35184383500; 57203353903; 58806853000; 57928298500; 37461740800; 56589966300","Development of surface-texturized black silicon through metal-assisted chemical etching and its application in the thermophotovoltaic field: a review and recommendation","2025","Semiconductor Science and Technology","40","1","013001","","","","2","10.1088/1361-6641/ad9175","https://www.scopus.com/inward/record.uri?eid=2-s2.0-85219094587&doi=10.1088%2f1361-6641%2fad9175&partnerID=40&md5=2883f9cf030c6408c948d8de304ec45b","Review","Final","All Open Access; Hybrid Gold Open Access","Scopus","2-s2.0-85219094587"
"Hamizi N.A.; Johan M.R.; Wahab Y.A.; Chowdhury Z.Z.; Akbarzadeh O.; Sagadevan S.; Badruddin I.A.; Khan T.M.Y.; Kamangar S.","Hamizi, Nor Aliya (36241689500); Johan, Mohd Rafie (8727448400); Wahab, Yasmin Abdul (57203353903); Chowdhury, Zaira Zaman (36975026400); Akbarzadeh, Omid (55984413100); Sagadevan, Suresh (57793664300); Badruddin, Irfan Anjum (12544753000); Khan, Tatagar Mohammad Yunus (57455192700); Kamangar, Sarfaraz (54785996300)","36241689500; 8727448400; 57203353903; 36975026400; 55984413100; 57793664300; 12544753000; 57455192700; 54785996300","Investigation on surface properties of Mn-doped CdSe quantum dots studied by X-ray photoelectron spectroscopy","2019","Symmetry","11","10","1250","","","","7","10.3390/sym11101250","https://www.scopus.com/inward/record.uri?eid=2-s2.0-85074271204&doi=10.3390%2fsym11101250&partnerID=40&md5=eca5b915fab335b9c6c498476dd714f8","Article","Final","All Open Access; Gold Open Access; Green Open Access","Scopus","2-s2.0-85074271204"
"Islam M.A.; Nur-E-Alam M.; Muhamad Hatta S.F.W.; Mohafez H.; Misran H.; Wahab Y.A.; Chowdhury Z.Z.; Soin N.B.","Islam, Mohammad Aminul (57220973693); Nur-E-Alam, Mohammad (57197752581); Muhamad Hatta, S.F.W. (57170711600); Mohafez, Hamidreza (57189693027); Misran, Halina (6506899840); Wahab, Yasmin Abdul (57203353903); Chowdhury, Zaira Zaman (36975026400); Soin, Norhayati Binti (13008659000)","57220973693; 57197752581; 57170711600; 57189693027; 6506899840; 57203353903; 36975026400; 13008659000","Correction to: Ultra-thin CdTe film properties enhancement via eco-friendly MgCl2-assisted thermal treatment (Journal of Optics, (2024), 53, 5, (4690-4697), 10.1007/s12596-023-01621-z)","2024","Journal of Optics (India)","53","5","","4698","","","0","10.1007/s12596-024-01814-0","https://www.scopus.com/inward/record.uri?eid=2-s2.0-85190407088&doi=10.1007%2fs12596-024-01814-0&partnerID=40&md5=1f301610f0348316826a0518fe49a6ac","Erratum","Final","All Open Access; Hybrid Gold Open Access","Scopus","2-s2.0-85190407088"
"Naseer M.N.; Zaidi A.A.; Khan H.; Kumar S.; Owais M.T.B.; Jaafar J.; Suhaimin N.S.; Wahab Y.A.; Dutta K.; Asif M.; Hatta S.F.W.M.; Uzair M.","Naseer, Muhammad Nihal (57211979351); Zaidi, Asad A. (57208091318); Khan, Hamdullah (57226029980); Kumar, Sagar (57226008458); Owais, Muhammad Taha bin (59270837000); Jaafar, Juhana (50261750000); Suhaimin, Nuor Sariyan (57194101566); Wahab, Yasmin Abdul (57203353903); Dutta, Kingshuk (7005115695); Asif, Muhammad (57616259400); Hatta, S.F. Wan Muhamad (22634464300); Uzair, Muhammad (57197564031)","57211979351; 57208091318; 57226029980; 57226008458; 59270837000; 50261750000; 57194101566; 57203353903; 7005115695; 57616259400; 22634464300; 57197564031","Mapping the field of microbial fuel cell: A quantitative literature review (1970–2020)","2021","Energy Reports","7","","","4126","4138","12","45","10.1016/j.egyr.2021.06.082","https://www.scopus.com/inward/record.uri?eid=2-s2.0-85110056196&doi=10.1016%2fj.egyr.2021.06.082&partnerID=40&md5=9dd911ad720ba0097181be33640e8dea","Article","Final","All Open Access; Gold Open Access; Green Open Access","Scopus","2-s2.0-85110056196"
"Hussin H.; Wahab Y.A.; Soin N.; Muhamad M.","Hussin, Hanim (24776411200); Wahab, Yasmin Abdul (57203353903); Soin, Norhayati (13008659000); Muhamad, Maizan (36104384600)","24776411200; 57203353903; 13008659000; 36104384600","Investigation on Sensitivity Amplification Factor of DGFET Electrochemical Sensors for pH Detection","2023","International Journal of Nanoelectronics and Materials","16","Special Issue","","195","205","10","0","10.58915/ijneam.v16iDECEMBER.404","https://www.scopus.com/inward/record.uri?eid=2-s2.0-85181674493&doi=10.58915%2fijneam.v16iDECEMBER.404&partnerID=40&md5=dfbc13310d523da694a3ded32ab938cf","Article","Final","All Open Access; Gold Open Access","Scopus","2-s2.0-85181674493"
"Ramakrishnan M.; Alias N.E.; Tan M.L.P.; Hamzah A.; Wahab Y.A.; Hussin H.","Ramakrishnan, Mathangi (57218516387); Alias, N. Ezaila (35118613500); Tan, M. L. Peng (24475887700); Hamzah, Afiq (55565983100); Wahab, Yasmin Abdul (57203353903); Hussin, Hanim (24776411200)","57218516387; 35118613500; 24475887700; 55565983100; 57203353903; 24776411200","Performance Analysis of 14nm SOI-based Trigate Gaussian Channel Junctionless FinFET with Punchthrough Stop Layer","2023","Proceedings - 2023 IEEE Regional Symposium on Micro and Nanoelectronics, RSM 2023","","","","1","4","3","0","10.1109/RSM59033.2023.10326895","https://www.scopus.com/inward/record.uri?eid=2-s2.0-85179845941&doi=10.1109%2fRSM59033.2023.10326895&partnerID=40&md5=0c9e76fbbf43e365dc6276495f3618a1","Conference paper","Final","","Scopus","2-s2.0-85179845941"
"Abbasi H.; Naseer M.N.; Wahab Y.A.; Siddiqi M.M.; Osman R.A.M.; Alias N.E.; Hussin H.","Abbasi, Hamza (57226384890); Naseer, Muhammad Nihal (57211979351); Wahab, Yasmin Abdul (57203353903); Siddiqi, Muhammad Mobin (57211978301); Osman, Rozana Aina Maulat (37261764900); Alias, Nurul Ezaila (35118613500); Hussin, Hanim (24776411200)","57226384890; 57211979351; 57203353903; 57211978301; 37261764900; 35118613500; 24776411200","Design and analysis of rectangular microstrip patch antenna at 2.4 and 5 GHz","2021","AIP Conference Proceedings","2347","","020212","","","","1","10.1063/5.0052217","https://www.scopus.com/inward/record.uri?eid=2-s2.0-85111393392&doi=10.1063%2f5.0052217&partnerID=40&md5=3e5ffd0b3eaa79841650204bfb8ca604","Conference paper","Final","","Scopus","2-s2.0-85111393392"
"Wahab Y.A.; Fatmadiana S.; Naseer M.N.; Johan M.R.; Hamizi N.A.; Sagadevan S.; Akbarzadeh O.; Chowdhury Z.Z.; Sabapathy T.; Al Douri Y.","Wahab, Yasmin Abdul (57203353903); Fatmadiana, Sharifah (57205595170); Naseer, Muhammad Nihal (57211979351); Johan, Mohd Rafie (8727448400); Hamizi, Nor Aliya (36241689500); Sagadevan, Suresh (57793664300); Akbarzadeh, Omid (55984413100); Chowdhury, Zaira Zaman (36975026400); Sabapathy, Thennarasan (35424377200); Al Douri, Y. (6701757524)","57203353903; 57205595170; 57211979351; 8727448400; 36241689500; 57793664300; 55984413100; 36975026400; 35424377200; 6701757524","Metal oxides powder technology in dielectric materials","2020","Metal Oxide Powder Technologies: Fundamentals, Processing Methods and Applications","","","","385","399","14","10","10.1016/B978-0-12-817505-7.00018-X","https://www.scopus.com/inward/record.uri?eid=2-s2.0-85090409719&doi=10.1016%2fB978-0-12-817505-7.00018-X&partnerID=40&md5=006472586635ceb198c67472df2038b5","Book chapter","Final","","Scopus","2-s2.0-85090409719"
"Naseer M.N.; Zaidi A.A.; Dutta K.; Wahab Y.A.; Jaafar J.; Nusrat R.; Ullah I.; Kim B.","Naseer, Muhammad Nihal (57211979351); Zaidi, Asad A. (57208091318); Dutta, Kingshuk (7005115695); Wahab, Yasmin Abdul (57203353903); Jaafar, Juhana (50261750000); Nusrat, Rabia (57547764000); Ullah, Ibrar (57612482100); Kim, Bumjoo (55569436200)","57211979351; 57208091318; 7005115695; 57203353903; 50261750000; 57547764000; 57612482100; 55569436200","Past, present and future of materials’ applications for CO2 capture: A bibliometric analysis","2022","Energy Reports","8","","","4252","4264","12","21","10.1016/j.egyr.2022.02.301","https://www.scopus.com/inward/record.uri?eid=2-s2.0-85126978899&doi=10.1016%2fj.egyr.2022.02.301&partnerID=40&md5=831dad8ec5e1ba1f9051931c1b7505fe","Article","Final","All Open Access; Gold Open Access","Scopus","2-s2.0-85126978899"
"Tze T.Y.; Osman R.A.M.; Idris M.S.; Muhsen K.N.D.K.; Nor N.I.M.; Wahab Y.A.; Sagadevan S.; Sebastian T.; Arturo R.L.D.","Tze, Tiong Yuan (56451102700); Osman, Rozana Aina Maulat (37261764900); Idris, Mohd Sobri (55898869500); Muhsen, Ku Noor Dhaniah Ku (57221724414); Nor, Nurul Izza Mohd (55229582100); Wahab, Yasmin Abdul (57203353903); Sagadevan, Suresh (57793664300); Sebastian, Tutu (35759625400); Arturo, Ruiz León Domingo (57226378853)","56451102700; 37261764900; 55898869500; 57221724414; 55229582100; 57203353903; 57793664300; 35759625400; 57226378853","Impedance and modulus spectroscopy of polycrystalline Ba0.9995La0.0005TiO3for multilayer ceramic capacitor","2021","AIP Conference Proceedings","2347","","020219","","","","0","10.1063/5.0052102","https://www.scopus.com/inward/record.uri?eid=2-s2.0-85111405785&doi=10.1063%2f5.0052102&partnerID=40&md5=c44c4e457cf87f28fa7944dc93120ea0","Conference paper","Final","","Scopus","2-s2.0-85111405785"
"Hamzah H.M.; Soin N.B.; Wahab Y.A.; Hossen M.J.; Soudagar M.E.M.; Nur-E-Alam M.; Islam M.A.; Xu C.; Patel M.","Hamzah, Hairul Mardiah (57415189200); Soin, Norhayati Binti (13008659000); Wahab, Yasmin Abdul (57203353903); Hossen, Md. Jakir (58870219400); Soudagar, Manzoore Elahi M. (57194384501); Nur-E-Alam, Mohammad (55319576000); Islam, Mohammad Aminul (57220973693); Xu, Chenyoushi (57216370384); Patel, Mahaboob (57198082705)","57415189200; 13008659000; 57203353903; 58870219400; 57194384501; 55319576000; 57220973693; 57216370384; 57198082705","Structural and optoelectronic properties of NiOx thin films synthesized via co-precipitation for hole transport layer applications","2025","Scientific Reports","15","1","34775","","","","0","10.1038/s41598-025-18509-6","https://www.scopus.com/inward/record.uri?eid=2-s2.0-105017931586&doi=10.1038%2fs41598-025-18509-6&partnerID=40&md5=5324affa8fa9bb75a0dfdc0cce199be4","Article","Final","All Open Access; Gold Open Access; Green Open Access","Scopus","2-s2.0-105017931586"
"Naseer M.N.; Zaidi A.A.; Dutta K.; Jaafar J.; Wahab Y.A.; Cai Y.","Naseer, Muhammad Nihal (57211979351); Zaidi, Asad A. (57208091318); Dutta, Kingshuk (7005115695); Jaafar, Juhana (50261750000); Wahab, Yasmin Abdul (57203353903); Cai, Yuhang (57208555174)","57211979351; 57208091318; 7005115695; 50261750000; 57203353903; 57208555174","A Novel Computational Platform for Steady-State and Dynamic Simulation of Dual-Chambered Microbial Fuel Cell","2023","Journal of the Electrochemical Society","170","9","094504","","","","4","10.1149/1945-7111/acf882","https://www.scopus.com/inward/record.uri?eid=2-s2.0-85173277048&doi=10.1149%2f1945-7111%2facf882&partnerID=40&md5=b9e8b138e48d406b918cb903aa1c7ccc","Article","Final","All Open Access; Bronze Open Access","Scopus","2-s2.0-85173277048"
"Hatta S.W.M.; Soin N.; Rahman S.H.A.; Wahab Y.A.; Hussin H.","Hatta, S. Wan Muhamad (22634464300); Soin, N. (13008659000); Rahman, S. H. Abdul (58642494600); Wahab, Y. Abdul (57203353903); Hussin, H. (24776411200)","22634464300; 13008659000; 58642494600; 57203353903; 24776411200","Effects of the fin width variation on the performance of 16 nm FinFETs with round fin corners and tapered fin shape","2014","IEEE International Conference on Semiconductor Electronics, Proceedings, ICSE","","","6920916","533","536","3","12","10.1109/SMELEC.2014.6920916","https://www.scopus.com/inward/record.uri?eid=2-s2.0-84908253888&doi=10.1109%2fSMELEC.2014.6920916&partnerID=40&md5=2e1f4d5cff435790b6e9bc4f9335d1db","Conference paper","Final","","Scopus","2-s2.0-84908253888"
"Abdul Wahab Y.; Soin N.; Hatta S.W.M.","Abdul Wahab, Y. (57203353903); Soin, N. (13008659000); Hatta, S.W.M. (22634464300)","57203353903; 13008659000; 22634464300","Defects evolution involving interface dispersion approaches in high-k/metal-gate deep-submicron CMOS","2014","Microelectronics Reliability","54","9-10","","2334","2338","4","6","10.1016/j.microrel.2014.07.084","https://www.scopus.com/inward/record.uri?eid=2-s2.0-84908499699&doi=10.1016%2fj.microrel.2014.07.084&partnerID=40&md5=05958e8fbf04787d75666b2cbcd6f561","Conference paper","Final","","Scopus","2-s2.0-84908499699"
"Bharath Gopalakrishnan J.; Sabapathy T.; Jusoh M.; Al-Bawri S.; Yaasin M.N.; Nasrun Osman M.; Abd Rahim H.; Hafizudin Mat M.; Majid H.A.; Ali T.; Abdul Wahab Y.","Bharath Gopalakrishnan, Jaya (57213518836); Sabapathy, Thennarasan (35424377200); Jusoh, Muzammil (24483755700); Al-Bawri, Samir (57188980924); Yaasin, M.N. (56703340900); Nasrun Osman, Mohamed (57189062688); Abd Rahim, Hasliza (57213518645); Hafizudin Mat, Mohd (57213518203); Majid, Huda A. (6603320149); Ali, Tarmizi (57210709982); Abdul Wahab, Yasmin (57203353903)","57213518836; 35424377200; 24483755700; 57188980924; 56703340900; 57189062688; 57213518645; 57213518203; 6603320149; 57210709982; 57203353903","Radiation Pattern Reconfigurable FM Antenna","2019","Journal of Physics: Conference Series","1339","1","012054","","","","0","10.1088/1742-6596/1339/1/012054","https://www.scopus.com/inward/record.uri?eid=2-s2.0-85077823212&doi=10.1088%2f1742-6596%2f1339%2f1%2f012054&partnerID=40&md5=76ab5878c49e822ba6c53411c4b4b7eb","Conference paper","Final","All Open Access; Gold Open Access","Scopus","2-s2.0-85077823212"
"Ng K.H.; Alias N.E.; Hamzah A.; Tan M.L.P.; Sheikh U.U.; Wahab Y.A.","Ng, Kok Heng (57886021300); Alias, Nurul Ezaila (35118613500); Hamzah, Afiq (55565983100); Tan, Michael Loong Peng (24475887700); Sheikh, Usman Ullah (34267792700); Wahab, Yasmin Abdul (57203353903)","57886021300; 35118613500; 55565983100; 24475887700; 34267792700; 57203353903","A March 5n FSM-Based Memory Built-In Self-Test (MBIST) Architecture with Diagnosis Capabilities","2022","IEEE International Conference on Semiconductor Electronics, Proceedings, ICSE","2022-August","","","69","72","3","7","10.1109/ICSE56004.2022.9863160","https://www.scopus.com/inward/record.uri?eid=2-s2.0-85137754602&doi=10.1109%2fICSE56004.2022.9863160&partnerID=40&md5=885f0c8aa0609a17580261956d350016","Conference paper","Final","","Scopus","2-s2.0-85137754602"
"Abdul Hadi M.F.; Hussin H.; Muhamad M.; Wahab Y.A.","Abdul Hadi, M.F. (57261442400); Hussin, H. (24776411200); Muhamad, M. (36104384600); Wahab, Y. Abdul (57203353903)","57261442400; 24776411200; 36104384600; 57203353903","Study and Analysis on CNTFET Design and Process Parameters for Performance Optimization","2022","2022 International Conference on Electrical and Computing Technologies and Applications, ICECTA 2022","","","","31","34","3","3","10.1109/ICECTA57148.2022.9990357","https://www.scopus.com/inward/record.uri?eid=2-s2.0-85146368921&doi=10.1109%2fICECTA57148.2022.9990357&partnerID=40&md5=c73a06f61eb1f340e080db9fce70c9f6","Conference paper","Final","","Scopus","2-s2.0-85146368921"
"Akbarzadeh O.; Alshahateet S.F.; Zabidi N.A.M.; Moosavi S.; Kordijazi A.; Babadi A.A.; Hamizi N.A.; Wahab Y.A.; Chowdhury Z.Z.; Sagadevan S.","Akbarzadeh, Omid (55984413100); Alshahateet, Solhe F. (8268635300); Zabidi, Noor Asmawati Mohd (6507905621); Moosavi, Seyedehmaryam (55813729000); Kordijazi, Amir (56491317200); Babadi, Arman Amani (55867055000); Hamizi, Nor Aliya (36241689500); Wahab, Yasmin Abdul (57203353903); Chowdhury, Zaira Zaman (36975026400); Sagadevan, Suresh (57793664300)","55984413100; 8268635300; 6507905621; 55813729000; 56491317200; 55867055000; 36241689500; 57203353903; 36975026400; 57793664300","Effect of temperature, syngas space velocity and catalyst stability of co-mn/cnt bimetallic catalyst on fischer tropsch synthesis performance","2021","Catalysts","11","7","846","","","","8","10.3390/catal11070846","https://www.scopus.com/inward/record.uri?eid=2-s2.0-85110003039&doi=10.3390%2fcatal11070846&partnerID=40&md5=ecd1508bffb3952fd8910bb988d5c791","Article","Final","All Open Access; Gold Open Access; Green Open Access","Scopus","2-s2.0-85110003039"
"Hong T.Z.; Alias N.E.; Tan M.L.P.; Abdul Wahab Y.","Hong, T. Zheng (58765413200); Alias, N. Ezaila (35118613500); Tan, M.L Peng (24475887700); Abdul Wahab, Yasmin (57203353903)","58765413200; 35118613500; 24475887700; 57203353903","Design and Implementation of 32-bit SDRAM Memory Controller with Optimized Dynamic Power using ASIC","2023","Proceedings - 2023 IEEE Regional Symposium on Micro and Nanoelectronics, RSM 2023","","","","106","109","3","0","10.1109/RSM59033.2023.10327104","https://www.scopus.com/inward/record.uri?eid=2-s2.0-85179842249&doi=10.1109%2fRSM59033.2023.10327104&partnerID=40&md5=45a02a371da7bdec266950569192b1b9","Conference paper","Final","","Scopus","2-s2.0-85179842249"
"Abdul Wahab Y.; Fadzil A.; Soin N.; Fatmadiana S.; Zaman Chowdhury Z.; Hamizi N.A.; Pivehzhani O.A.; Sabapathy T.; Al-Douri Y.","Abdul Wahab, Yasmin (57203353903); Fadzil, Anuar (22633668000); Soin, Norhayati (13008659000); Fatmadiana, Sharifah (57205595170); Zaman Chowdhury, Zaira (36975026400); Hamizi, Nor Aliya (36241689500); Pivehzhani, Omid Akbarzadeh (55984413100); Sabapathy, Thennarasan (35424377200); Al-Douri, Yarub (6701757524)","57203353903; 22633668000; 13008659000; 57205595170; 36975026400; 36241689500; 55984413100; 35424377200; 6701757524","Uniformity improvement by integrated electrochemical-plating process for CMOS logic technologies","2019","Journal of Manufacturing Processes","38","","","422","431","9","9","10.1016/j.jmapro.2019.01.025","https://www.scopus.com/inward/record.uri?eid=2-s2.0-85060704795&doi=10.1016%2fj.jmapro.2019.01.025&partnerID=40&md5=150047498f0a35ea830d77de0cb9cf8f","Article","Final","","Scopus","2-s2.0-85060704795"
"Sagadevan S.; Marlinda A.R.; Chowdhury Z.Z.; Wahab Y.B.A.; Hamizi N.A.; Shahid M.M.; Mohammad F.; Podder J.; Johan M.R.","Sagadevan, Suresh (57793664300); Marlinda, A.R. (55233671600); Chowdhury, Zaira Zaman (36975026400); Wahab, Yasmin Binti Abdul (57203353903); Hamizi, Nor Aliya (36241689500); Shahid, M.M. (57226371457); Mohammad, Faruq (36619135400); Podder, Jiban (9235115900); Johan, Mohd Rafie (8727448400)","57793664300; 55233671600; 36975026400; 57203353903; 36241689500; 57226371457; 36619135400; 9235115900; 8727448400","Fundamental electrochemical energy storage systems","2020","Advances in Supercapacitor and Supercapattery: Innovations in Energy Storage Devices","","","","27","43","16","51","10.1016/B978-0-12-819897-1.00001-X","https://www.scopus.com/inward/record.uri?eid=2-s2.0-85108365631&doi=10.1016%2fB978-0-12-819897-1.00001-X&partnerID=40&md5=6212151a780d1eb5769730081a8bf88c","Book chapter","Final","","Scopus","2-s2.0-85108365631"
"Yusof Y.; Moosavi S.; Johan M.R.; Badruddin I.A.; Wahab Y.A.; Hamizi N.A.; Rahman M.A.; Kamangar S.; Khan T.M.Y.","Yusof, Yusliza (57220068330); Moosavi, Seyedehmaryam (55813729000); Johan, Mohd Rafie (8727448400); Badruddin, Irfan Anjum (12544753000); Wahab, Yasmin Abdul (57203353903); Hamizi, Nor Aliya (36241689500); Rahman, Marlinda Ab (55233671600); Kamangar, Sarfaraz (54785996300); Khan, T. M. Yunus (57455192700)","57220068330; 55813729000; 8727448400; 12544753000; 57203353903; 36241689500; 55233671600; 54785996300; 57455192700","Electromagnetic Characterization of a Multiwalled Carbon Nanotubes-Silver Nanoparticles-Reinforced Polyvinyl Alcohol Hybrid Nanocomposite in X-Band Frequency","2021","ACS Omega","6","6","","4184","4191","7","14","10.1021/acsomega.0c04864","https://www.scopus.com/inward/record.uri?eid=2-s2.0-85100964207&doi=10.1021%2facsomega.0c04864&partnerID=40&md5=f6a46c88d823cb71f7ca2a9f29db0cf9","Article","Final","All Open Access; Gold Open Access; Green Open Access","Scopus","2-s2.0-85100964207"
"Akbarzadeh O.; Zabidi N.A.M.; Hamizi N.A.; Wahab Y.A.; Merican Z.M.A.; Yehya W.A.; Akhter S.; Shalauddin M.; Rasouli E.; Johan M.R.","Akbarzadeh, Omid (55984413100); Zabidi, Noor Asmawati Mohd (6507905621); Hamizi, Nor Aliya (36241689500); Wahab, Yasmin Abdul (57203353903); Merican, Zulkifli Merican Aljunid (11139315400); Yehya, Wageeh (57204267462); Akhter, Shamima (57212744179); Shalauddin, Md. (57196002032); Rasouli, Elisa (57201393781); Johan, Mohd Rafie (8727448400)","55984413100; 6507905621; 36241689500; 57203353903; 11139315400; 57204267462; 57212744179; 57196002032; 57201393781; 8727448400","Effect of pH, acid and thermal treatment conditions on Co/CNT catalyst performance in fischer-tropsch reaction","2019","Symmetry","11","1","50","","","","9","10.3390/sym11010050","https://www.scopus.com/inward/record.uri?eid=2-s2.0-85061077950&doi=10.3390%2fsym11010050&partnerID=40&md5=8a6abb47ac8f7ca7f28c5816ae6280c5","Article","Final","All Open Access; Gold Open Access","Scopus","2-s2.0-85061077950"
"Naseer M.N.; Noorollahi Y.; Zaidi A.A.; Wahab Y.A.; Johan M.R.; Badruddin I.A.","Naseer, Muhammad Nihal (57211979351); Noorollahi, Younes (16550643300); Zaidi, Asad A. (57208091318); Wahab, Yasmin Abdul (57203353903); Johan, Mohd Rafie (8727448400); Badruddin, Irfan Anjum (12544753000)","57211979351; 16550643300; 57208091318; 57203353903; 8727448400; 12544753000","Abandoned wells multigeneration system: promising zero CO2 emission geothermal energy system","2022","International Journal of Energy and Environmental Engineering","13","4","","1237","1246","9","2","10.1007/s40095-022-00496-3","https://www.scopus.com/inward/record.uri?eid=2-s2.0-85128759536&doi=10.1007%2fs40095-022-00496-3&partnerID=40&md5=5ffe46c7bdf46ae4bf7fd5496d337c25","Article","Final","","Scopus","2-s2.0-85128759536"
"Islam M.A.; Wahab Y.A.; Khandaker M.U.; Alsubaie A.; Almalki A.S.A.; Bradley D.A.; Amin N.","Islam, Mohammad Aminul (57220973693); Wahab, Yasmin Abdu (57203353903); Khandaker, Mayeen Uddin (36836773700); Alsubaie, Abdullah (57193452625); Almalki, Abdulraheem S.A. (57190964892); Bradley, David A. (7403122642); Amin, Nowshad (7102424614)","57220973693; 57203353903; 36836773700; 57193452625; 57190964892; 7403122642; 7102424614","High mobility reactive sputtered CuxO thin film for highly efficient and stable perovskite solar cells","2021","Crystals","11","4","389","","","","19","10.3390/cryst11040389","https://www.scopus.com/inward/record.uri?eid=2-s2.0-85104553897&doi=10.3390%2fcryst11040389&partnerID=40&md5=704310578bb7b5adc77bb54991ce175b","Article","Final","All Open Access; Gold Open Access; Green Open Access","Scopus","2-s2.0-85104553897"
"Arafat M.Y.; Wahab Y.B.A.; Islam M.A.; Muhammad Hatta S.F.B.W.; Alias N.E.","Arafat, Md. Yasir (57226548627); Wahab, Yasmin Binti Abdul (57203353903); Islam, Mohammad Aminul (57220973693); Muhammad Hatta, Sharifah Fatmadiana Bt Wan (58131151200); Alias, Nurul Ezaila (35118613500)","57226548627; 57203353903; 57220973693; 58131151200; 35118613500","FDTD Simulation for Optical Characteristics Study of Inverted Micro-pyramidal Surface Structure of Black Silicon","2023","Proceedings - 2023 IEEE Regional Symposium on Micro and Nanoelectronics, RSM 2023","","","","126","129","3","0","10.1109/RSM59033.2023.10326744","https://www.scopus.com/inward/record.uri?eid=2-s2.0-85179855159&doi=10.1109%2fRSM59033.2023.10326744&partnerID=40&md5=94b1fa694e853bdc2f349e3490d85dcd","Conference paper","Final","","Scopus","2-s2.0-85179855159"
"Abdul Wahab Y.; Naseer M.N.; Zaidi A.A.; Umair T.; Khan H.; Siddiqi M.M.; Javed M.S.","Abdul Wahab, Yasmin (57203353903); Naseer, Muhammad Nihal (57211979351); Zaidi, Asad A. (57208091318); Umair, Talha (58172066500); Khan, Hamdullah (57226029980); Siddiqi, Muhammad Mobin (57211978301); Javed, Muhammad Sabir (58171687600)","57203353903; 57211979351; 57208091318; 58172066500; 57226029980; 57211978301; 58171687600","Super Capacitors in Various Dimensionalities: Applications and Recent Advancements","2022","Encyclopedia of Energy Storage: Volume 1-4","1-4","","","682","691","9","19","10.1016/B978-0-12-819723-3.00020-2","https://www.scopus.com/inward/record.uri?eid=2-s2.0-85151658625&doi=10.1016%2fB978-0-12-819723-3.00020-2&partnerID=40&md5=7af24d454faef7e980fee504d6955c87","Book chapter","Final","","Scopus","2-s2.0-85151658625"
"Ali A.E.; Chowdhury Z.Z.; Faisal A.N.; Das R.; Wahab Y.A.; Ramakrishnan S.","Ali, Ahmed Elsayid (57224703773); Chowdhury, Zaira Zaman (36975026400); Faisal, Abu Nasser (57350470800); Das, Rasel (55796337800); Wahab, Yasmin Abdul (57203353903); Ramakrishnan, Seeram (57350822100)","57224703773; 36975026400; 57350470800; 55796337800; 57203353903; 57350822100","Thermochemical Conversion of Lignocellulosic Waste to Activated Carbon: A Potential Resource for Industrial Wastewater Treatment","2022","Springer Water","","","","153","191","38","1","10.1007/978-3-030-93845-1_7","https://www.scopus.com/inward/record.uri?eid=2-s2.0-85130915628&doi=10.1007%2f978-3-030-93845-1_7&partnerID=40&md5=4dfecdb8311e14db1819c148d4fd80e3","Book chapter","Final","","Scopus","2-s2.0-85130915628"
"Abdul Basir N.F.; Iliya Nor Za’im S.; Abdul Wahab Y.; Johan M.R.; Ghaffari Khaligh N.","Abdul Basir, Nurul Fatimah (59546427600); Iliya Nor Za’im, Syarifah (59546790400); Abdul Wahab, Yasmin (57203353903); Johan, Mohd Rafie (8727448400); Ghaffari Khaligh, Nader (58483667900)","59546427600; 59546790400; 57203353903; 8727448400; 58483667900","Impact Symmetry on Tribology Performance of 2,5-Bis-Cycloalkylsulfenyl[1,3,4]Thiadiazole Derivatives","2025","Tribology Transactions","68","1","","206","223","17","1","10.1080/10402004.2024.2449497","https://www.scopus.com/inward/record.uri?eid=2-s2.0-86000380100&doi=10.1080%2f10402004.2024.2449497&partnerID=40&md5=eb6d62456844d3f0ad7507d52efb954e","Article","Final","","Scopus","2-s2.0-86000380100"
"Ali A.E.; Chowdhury Z.Z.; Rafique R.F.; Ikram R.; Faisal A.N.M.; Shibly S.J.; Barua A.; Wahab Y.A.; Jan B.M.","Ali, Ahmed Elsayid (57224703773); Chowdhury, Zaira Zaman (36975026400); Rafique, Rahman F. (55334765500); Ikram, Rabia (57189757252); Faisal, Abu Nasser Mohammad (57350470800); Shibly, ShahJalal (59903378000); Barua, Arnab (57350702800); Wahab, Yasmin Abdul (57203353903); Jan, Badrul Mohamed (23004853200)","57224703773; 36975026400; 55334765500; 57189757252; 57350470800; 59903378000; 57350702800; 57203353903; 23004853200","Science and Technology Roadmap for Adsorption of Metallic Contaminants from Aqueous Effluents Using Biopolymers and Its’ Derivatives","2022","Environmental Science and Engineering","","","","165","196","31","4","10.1007/978-3-030-83811-9_9","https://www.scopus.com/inward/record.uri?eid=2-s2.0-85119678439&doi=10.1007%2f978-3-030-83811-9_9&partnerID=40&md5=1759b3d2eace84986eee2e81308ea139","Book chapter","Final","","Scopus","2-s2.0-85119678439"
"Arafat M.Y.; Wahab Y.A.; Islam M.A.; Muhammad Hatta S.F.B.W.; Johan M.R.; Alias N.E.; Hussin H.","Arafat, Md. Yasir (57226548627); Wahab, Yasmin Abdul (57203353903); Islam, Mohammad Aminul (57220973693); Muhammad Hatta, Sharifah Fatmadiana Bt Wan (58131151200); Johan, Mohd Rafie (8727448400); Alias, Nurul Ezaila (35118613500); Hussin, Hanim (24776411200)","57226548627; 57203353903; 57220973693; 58131151200; 8727448400; 35118613500; 24776411200","Evaluating the Impact of Upright and Inverted Pyramid Microstructures on the Optical Performance of Single Crystalline Silicon Solar Cells","2024","IEEE International Conference on Semiconductor Electronics, Proceedings, ICSE","","","","140","143","3","1","10.1109/ICSE62991.2024.10681377","https://www.scopus.com/inward/record.uri?eid=2-s2.0-85206468567&doi=10.1109%2fICSE62991.2024.10681377&partnerID=40&md5=caedc21b78342fe39aa93e2271b5cb77","Conference paper","Final","","Scopus","2-s2.0-85206468567"
"Pai M.Y.X.; Alias N.E.; Tan M.L.P.; Hamzah A.; Wahab Y.A.; Muhamad M.","Pai, M. Y. Xuan (59368259000); Alias, N. Ezaila (35118613500); Tan, M. L. Peng (24475887700); Hamzah, Afiq (55565983100); Wahab, Yasmin Abdul (57203353903); Muhamad, Maizan (36104384600)","59368259000; 35118613500; 24475887700; 55565983100; 57203353903; 36104384600","Analysis of the Electrical Characteristics for Compact SPICE Modelling of STT-MTJ Device with Physical Parameters Variation","2024","IEEE International Conference on Semiconductor Electronics, Proceedings, ICSE","","","","5","8","3","1","10.1109/ICSE62991.2024.10681337","https://www.scopus.com/inward/record.uri?eid=2-s2.0-85206474160&doi=10.1109%2fICSE62991.2024.10681337&partnerID=40&md5=6c5af047a6a18674d0ec06e4fb579678","Conference paper","Final","","Scopus","2-s2.0-85206474160"
"Hatta S.F.W.M.; Hussin H.; Soon F.Y.; Wahab Y.A.; Hadi D.A.; Soin N.; Alam A.H.M.Z.; Nordin A.N.","Hatta, S. F. Wan Muhamad (22634464300); Hussin, H. (24776411200); Soon, F.Y. (57216284146); Wahab, Y. Abdul (57203353903); Hadi, D. Abdul (35797067600); Soin, N. (13008659000); Alam, A. H. M. Zahirul (57195185389); Nordin, A.N. (7005958999)","22634464300; 24776411200; 57216284146; 57203353903; 35797067600; 13008659000; 57195185389; 7005958999","Negative bias temperature instability characterization and lifetime evaluations of submicron pMOSFET","2017","ISCAIE 2017 - 2017 IEEE Symposium on Computer Applications and Industrial Electronics","","","8074978","206","211","5","6","10.1109/ISCAIE.2017.8074978","https://www.scopus.com/inward/record.uri?eid=2-s2.0-85039994204&doi=10.1109%2fISCAIE.2017.8074978&partnerID=40&md5=7c9f528746bbf5b37d3583c13f333a58","Conference paper","Final","","Scopus","2-s2.0-85039994204"
"Naseer M.N.; Azhar M.; Zaidi A.A.; Abdul Wahab Y.B.; Asif M.; Sagadevan S.","Naseer, Muhammad Nihal (57211979351); Azhar, Muhammad (58476557500); Zaidi, Asad A. (57208091318); Abdul Wahab, Yasmin Binti (57203353903); Asif, Muhammad (23479399300); Sagadevan, Suresh (57793664300)","57211979351; 58476557500; 57208091318; 57203353903; 23479399300; 57793664300","Metal oxide-based glasses and their physical properties","2022","Metal Oxides for Optoelectronics and Optics-Based Medical Applications","","","","59","71","12","3","10.1016/B978-0-323-85824-3.00014-2","https://www.scopus.com/inward/record.uri?eid=2-s2.0-85142089780&doi=10.1016%2fB978-0-323-85824-3.00014-2&partnerID=40&md5=e429d8bd6105037ba9607780bbf4aa45","Book chapter","Final","","Scopus","2-s2.0-85142089780"
"Chowdhury Z.Z.; Chandran R.R.R.; Jahan A.; Khalid K.; Rahman M.M.; Al-Amin M.; Akbarzadeh O.; Badruddin I.A.; Khan T.M.Y.; Kamangar S.; Binti Hamizi N.A.; Wahab Y.A.; Johan R.B.; Adebisi G.A.","Chowdhury, Zaira Zaman (36975026400); Chandran, R. Reevenishaa Ravi (59063133700); Jahan, Afrin (57213681353); Khalid, Khalisanni (59266883300); Rahman, Md Mahfujur (57195224750); Al-Amin, Md (58572069400); Akbarzadeh, Omid (55984413100); Badruddin, Irfan Anjum (12544753000); Khan, T.M. Yunus (57455192700); Kamangar, Sarfaraz (54785996300); Binti Hamizi, Nor Aliya (36241689500); Wahab, Yasmin Abdul (57203353903); Johan, Rafie Bin (57194062275); Adebisi, Ganiyu Abimbola (57193552396)","36975026400; 59063133700; 57213681353; 59266883300; 57195224750; 58572069400; 55984413100; 12544753000; 57455192700; 54785996300; 36241689500; 57203353903; 57194062275; 57193552396","Extraction of cellulose nano-whiskers using ionic liquid-assisted ultra-sonication: Optimization and mathematical modelling using Box-Behnken design","2019","Symmetry","11","9","1148","","","","30","10.3390/sym11091148","https://www.scopus.com/inward/record.uri?eid=2-s2.0-85073165158&doi=10.3390%2fsym11091148&partnerID=40&md5=a7ebc51ff069784f61889dcc78a3a9a1","Article","Final","All Open Access; Gold Open Access","Scopus","2-s2.0-85073165158"
"Abdul Hadi M.F.; Hussin H.; Muhamad M.; Wahab Y.A.","Abdul Hadi, M.F. (57261442400); Hussin, H. (24776411200); Muhamad, M. (36104384600); Wahab, Y. Abd. (57203353903)","57261442400; 24776411200; 36104384600; 57203353903","Implementation of Taguchi Method in Improving the Logic Gates Performance based on Carbon Nanotube Field Effect Transistor Technology","2023","International Journal of Nanoelectronics and Materials","16","Special Issue","","323","332","9","1","10.58915/ijneam.v16iDECEMBER.414","https://www.scopus.com/inward/record.uri?eid=2-s2.0-85181689837&doi=10.58915%2fijneam.v16iDECEMBER.414&partnerID=40&md5=71e7b8176901121b466c2b7c0300cfe8","Article","Final","All Open Access; Gold Open Access","Scopus","2-s2.0-85181689837"
"Mohd Jasni M.S.; Choong J.S.; Wan Abd Rashid W.E.S.; Abdul Wahab Y.; Wan Muhamad Hatta S.F.","Mohd Jasni, M.S. (57368165200); Choong, J.S. (57367336000); Wan Abd Rashid, W.E.S. (57368581400); Abdul Wahab, Y. (57203353903); Wan Muhamad Hatta, S.F. (35184383500)","57368165200; 57367336000; 57368581400; 57203353903; 35184383500","Performance analysis of indium antimonide thermophotovoltaic system with varied material and geometrical properties","2021","Microelectronics Reliability","126","","114325","","","","4","10.1016/j.microrel.2021.114325","https://www.scopus.com/inward/record.uri?eid=2-s2.0-85120887554&doi=10.1016%2fj.microrel.2021.114325&partnerID=40&md5=0c0a237b0ecb4ba88720437adbb849c7","Article","Final","","Scopus","2-s2.0-85120887554"
"Ali A.E.; Chowdhury Z.Z.; Devnath R.; Ahmed M.M.; Rahman M.M.; Khalid K.; Wahab Y.A.; Badruddin I.A.; Kamangar S.; Hussien M.; Pallan K.H.; Mitra A.","Ali, Ahmed Elsayid (57224703773); Chowdhury, Zaira Zaman (36975026400); Devnath, Ramprosad (58617869600); Ahmed, Md. Mostak (58273599900); Rahman, Md. Mahfujur (57195224750); Khalid, Khalisanni (59266883300); Wahab, Yasmin Abdul (57203353903); Badruddin, Irfan Anjum (12544753000); Kamangar, Sarfaraz (54785996300); Hussien, Mohamed (57221935202); Pallan, Khalid Husain (58617325000); Mitra, Ajita (58617869700)","57224703773; 36975026400; 58617869600; 58273599900; 57195224750; 59266883300; 57203353903; 12544753000; 54785996300; 57221935202; 58617325000; 58617869700","Removal of Azo Dyes from Aqueous Effluent Using Bio-Based Activated Carbons: Toxicity Aspects and Environmental Impact","2023","Separations","10","9","506","","","","29","10.3390/separations10090506","https://www.scopus.com/inward/record.uri?eid=2-s2.0-85172191511&doi=10.3390%2fseparations10090506&partnerID=40&md5=006069c94a9ce9c79abdbbbfc40630fc","Review","Final","All Open Access; Gold Open Access","Scopus","2-s2.0-85172191511"
"Wahab Y.A.; Johan M.R.; Hamizi N.A.; Akbarzadeh O.; Chowdhury Z.Z.; Sagadevan S.","Wahab, Y.A. (57203353903); Johan, M.R. (8727448400); Hamizi, N.A. (36241689500); Akbarzadeh, O. (55984413100); Chowdhury, Z.Z. (36975026400); Sagadevan, S. (57793664300)","57203353903; 8727448400; 36241689500; 55984413100; 36975026400; 57793664300","Effect of integrated anneal optimizations of electroplated Cu thin films interconnects","2020","Microelectronics Reliability","114","","113887","","","","3","10.1016/j.microrel.2020.113887","https://www.scopus.com/inward/record.uri?eid=2-s2.0-85095980004&doi=10.1016%2fj.microrel.2020.113887&partnerID=40&md5=670f9554b1f816595e597b6656200936","Article","Final","","Scopus","2-s2.0-85095980004"
"Abdul Wahab Y.; Naseer M.N.; Abbasi H.; Siddiqi M.M.; Umair T.; Zaidi A.A.","Abdul Wahab, Yasmin (57203353903); Naseer, Muhammad Nihal (57211979351); Abbasi, Hamza (57226384890); Siddiqi, Muhammad Mobin (57211978301); Umair, Talha (58172066500); Zaidi, Asad A. (57208091318)","57203353903; 57211979351; 57226384890; 57211978301; 58172066500; 57208091318","Capacitors: A Deliberate Insight Into State of Art and Future Prospects","2022","Encyclopedia of Energy Storage: Volume 1-4","1-4","","","314","325","11","0","10.1016/B978-0-12-819723-3.00026-3","https://www.scopus.com/inward/record.uri?eid=2-s2.0-85151079494&doi=10.1016%2fB978-0-12-819723-3.00026-3&partnerID=40&md5=8a79ffb32708a51dc5c9bcbe1108b30e","Book chapter","Final","","Scopus","2-s2.0-85151079494"
"Khairul Azri A.A.; Wan Muhamad Hatta S.F.; Abdul Wahab Y.; Ker P.J.; Mekhilef S.; Islam M.A.","Khairul Azri, A.A. (58294307100); Wan Muhamad Hatta, S.F. (35184383500); Abdul Wahab, Y. (57203353903); Ker, P.J. (37461740800); Mekhilef, S. (57928298500); Islam, M.A. (58806853000)","58294307100; 35184383500; 57203353903; 37461740800; 57928298500; 58806853000","Optimization of Etching Time, Temperature of Metal Salts in Surface-texturized Silicon Fabricated Through One-Step Metal-Assisted Chemical Etching","2025","ChemNanoMat","11","3","e202400461","","","","0","10.1002/cnma.202400461","https://www.scopus.com/inward/record.uri?eid=2-s2.0-105001078966&doi=10.1002%2fcnma.202400461&partnerID=40&md5=a90ae9c2a93b2f09119852e7f0ac4db6","Article","Final","","Scopus","2-s2.0-105001078966"
"Naseer M.N.; Zaidi A.A.; Khan H.; Kumar S.; Owais M.T.B.; Wahab Y.A.; Dutta K.; Jaafar J.; Uzair M.; Johan M.R.; Badruddin I.A.","Naseer, Muhammad Nihal (57211979351); Zaidi, Asad A. (57208091318); Khan, Hamdullah (57226029980); Kumar, Sagar (57226008458); Owais, Muhammad Taha Bin (59270837000); Wahab, Yasmin Abdul (57203353903); Dutta, Kingshuk (7005115695); Jaafar, Juhana (50261750000); Uzair, Muhammad (57197564031); Johan, Mohd Rafie (8727448400); Badruddin, Irfan Anjum (12544753000)","57211979351; 57208091318; 57226029980; 57226008458; 59270837000; 57203353903; 7005115695; 50261750000; 57197564031; 8727448400; 12544753000","Desalination technology for energy-efficient and low-cost water production: A bibliometric analysis","2022","Green Processing and Synthesis","11","1","","306","315","9","21","10.1515/gps-2022-0027","https://www.scopus.com/inward/record.uri?eid=2-s2.0-85128181891&doi=10.1515%2fgps-2022-0027&partnerID=40&md5=f3b99aad16f76fc256f496151f8ffeb1","Article","Final","All Open Access; Gold Open Access; Green Open Access","Scopus","2-s2.0-85128181891"
"Hamzah H.M.; Miah M.H.; Hossen M.J.; Soin N.B.; Abdul Wahab Y.; Khandaker M.U.; Aminul Islam M.","Hamzah, Hairul Mardiah (57415189200); Miah, Md Helal (57373098800); Hossen, Md Jakir (58870219400); Soin, Norhayati Binti (13008659000); Abdul Wahab, Yasmin (57203353903); Khandaker, Mayeen Uddin (36836773700); Aminul Islam, Mohammad (57219698144)","57415189200; 57373098800; 58870219400; 13008659000; 57203353903; 36836773700; 57219698144","Current status of Pb-free PSCs and infer the highest achievable PCE via numerical modeling, and optimization of novel structure FAMASnGeI3 based PSCs","2024","Materials Research Express","11","6","065501","","","","4","10.1088/2053-1591/ad4fe0","https://www.scopus.com/inward/record.uri?eid=2-s2.0-85195643874&doi=10.1088%2f2053-1591%2fad4fe0&partnerID=40&md5=d7f6677a1e0dfe01dd84327061663cc0","Article","Final","All Open Access; Gold Open Access","Scopus","2-s2.0-85195643874"
"Hamizi N.A.; Johan M.R.; Ghazali N.; Wahab Y.A.; Chowdhury Z.Z.; Akbarzadeh O.; Sagadevan S.; Badruddin I.A.; Khan T.M.Y.; Kamangar S.","Hamizi, Nor Aliya (36241689500); Johan, Mohd Rafie (8727448400); Ghazali, Nadiah (57211508042); Wahab, Yasmin Abdul (57203353903); Chowdhury, Zaira Zaman (36975026400); Akbarzadeh, Omid (55984413100); Sagadevan, Suresh (57793664300); Badruddin, Irfan Anjum (12544753000); Khan, T.M. Yunus (57455192700); Kamangar, Sarfaraz (54785996300)","36241689500; 8727448400; 57211508042; 57203353903; 36975026400; 55984413100; 57793664300; 12544753000; 57455192700; 54785996300","Lattice strain analysis of a Mn-Doped CdSe QD system using crystallography techniques","2019","Processes","7","10","639","","","","8","10.3390/pr7100639","https://www.scopus.com/inward/record.uri?eid=2-s2.0-85074237170&doi=10.3390%2fpr7100639&partnerID=40&md5=fe9a474ba33e52bcc027e100e898d47a","Article","Final","All Open Access; Gold Open Access; Green Open Access","Scopus","2-s2.0-85074237170"
"Abdul Hadi M.F.; Hussin H.; Muhamad M.; Soin N.; Wahab Y.A.","Abdul Hadi, Muhammad Faris (57261442400); Hussin, Hanim (24776411200); Muhamad, Maizan (36104384600); Soin, Norhayati (13008659000); Wahab, Yasmin Abdul (57203353903)","57261442400; 24776411200; 36104384600; 13008659000; 57203353903","Effects of Different Oxide Thicknesses on the Characteristics of CNTFET","2021","Proceedings - 2021 IEEE Regional Symposium on Micro and Nanoelectronics, RSM 2021","","","","58","61","3","8","10.1109/RSM52397.2021.9511584","https://www.scopus.com/inward/record.uri?eid=2-s2.0-85115113287&doi=10.1109%2fRSM52397.2021.9511584&partnerID=40&md5=3a42d1bdd73b4d8575196c6223244915","Conference paper","Final","","Scopus","2-s2.0-85115113287"
"Guan T.Y.; Osman R.A.M.; Idris M.S.; Wahab Y.A.","Guan, Teo Yao (57226387852); Osman, Rozana Aina Maulat (37261764900); Idris, Mohd Sobri (55898869500); Wahab, Yasmin Abdul (57203353903)","57226387852; 37261764900; 55898869500; 57203353903","Structural and impedance analysis of Ba0.9925Er0.0075TiO3for microelectronic application","2021","AIP Conference Proceedings","2347","","020218","","","","0","10.1063/5.0052095","https://www.scopus.com/inward/record.uri?eid=2-s2.0-85111382605&doi=10.1063%2f5.0052095&partnerID=40&md5=5275283224b5cf233b38cf58b7b162f8","Conference paper","Final","","Scopus","2-s2.0-85111382605"
"Siddiqi M.M.; Naseer M.N.; Wahab Y.A.; Hamizi N.A.; Badruddin I.A.; Hasan M.A.; Chowdhury Z.Z.; Akbarzadeh O.; Johan M.R.; Kamangar S.","Siddiqi, Muhammad Mobin (57211978301); Naseer, Muhammad Nihal (57211979351); Wahab, Yasmin Abdul (57203353903); Hamizi, Nor Aliya (36241689500); Badruddin, Irfan Anjum (12544753000); Hasan, Mohd Abul (57213274853); Chowdhury, Zaira Zaman (36975026400); Akbarzadeh, Omid (55984413100); Johan, Mohd Rafie (8727448400); Kamangar, Sarfaraz (54785996300)","57211978301; 57211979351; 57203353903; 36241689500; 12544753000; 57213274853; 36975026400; 55984413100; 8727448400; 54785996300","Exploring e-waste resources recovery in household solid waste recycling","2020","Processes","8","9","1047","","","","18","10.3390/pr8091047","https://www.scopus.com/inward/record.uri?eid=2-s2.0-85090423932&doi=10.3390%2fpr8091047&partnerID=40&md5=88669eaf188af8eb2919fda725a957c1","Article","Final","All Open Access; Gold Open Access; Green Open Access","Scopus","2-s2.0-85090423932"
"Hussin H.; Wan S.F.; Soin N.; Wahab Y.A.; Muhamad M.; Alias N.E.","Hussin, Hanim (24776411200); Wan, Sharifah Fatmadiana (57885562700); Soin, Norhayati (13008659000); Wahab, Yasmin Abdul (57203353903); Muhamad, Maizan (36104384600); Alias, Nurul Ezaila (35118613500)","24776411200; 57885562700; 13008659000; 57203353903; 36104384600; 35118613500","NBTI Defects Characterization Using Energy Profiling Simulation Technique","2023","Proceedings - 2023 IEEE Regional Symposium on Micro and Nanoelectronics, RSM 2023","","","","50","53","3","1","10.1109/RSM59033.2023.10326770","https://www.scopus.com/inward/record.uri?eid=2-s2.0-85179837175&doi=10.1109%2fRSM59033.2023.10326770&partnerID=40&md5=12d3a1c41bfce0ea91dedd8aca95b22a","Conference paper","Final","","Scopus","2-s2.0-85179837175"
"Wahab Y.A.; Soin N.; Shahabuddin S.; Hussin H.","Wahab, Y. Abdul (57203353903); Soin, N. (13008659000); Shahabuddin, S. (57200288308); Hussin, H. (24776411200)","57203353903; 13008659000; 57200288308; 24776411200","Process-induced NBTI-imbalance of high-k/metal-gate deep-submicron CMOS","2014","IEEE International Conference on Semiconductor Electronics, Proceedings, ICSE","","","6920833","209","212","3","1","10.1109/SMELEC.2014.6920833","https://www.scopus.com/inward/record.uri?eid=2-s2.0-84908257896&doi=10.1109%2fSMELEC.2014.6920833&partnerID=40&md5=9890fbb6082f70be98d4b8f9a1108cdd","Conference paper","Final","","Scopus","2-s2.0-84908257896"
"Azmi M.F.M.; Wahab Y.A.; Saari M.M.; Yusof N.A.T.; A'in Nadzri N.","Azmi, Muhammad Fauzan Mohd (60125126500); Wahab, Yasmin Abdul (57203353903); Saari, Mohd Mawardi (57220107330); Yusof, Nurhafizah Abu Talip (57208004036); A'in Nadzri, Nurul (57201859397)","60125126500; 57203353903; 57220107330; 57208004036; 57201859397","Development of an Ultrasonic Tomography System for Monitoring Particle Deposition in Elbow Pipelines","2025","IEEE 8th International Conference on Electrical, Control and Computer Engineering, InECCE 2025 - Proceedings","","","","489","494","5","0","10.1109/InECCE64959.2025.11151050","https://www.scopus.com/inward/record.uri?eid=2-s2.0-105017785220&doi=10.1109%2fInECCE64959.2025.11151050&partnerID=40&md5=01f133e7bc0402fd6d62cefd2e14ce2f","Conference paper","Final","","Scopus","2-s2.0-105017785220"
"Islam M.A.; Siddiquee I.A.; Wahab Y.A.; Hatta S.F.W.; Imam J.M.; Low F.W.; Ahamed A.; Alam M.N.-E.","Islam, M.A. (57220973693); Siddiquee, Ihsan Ahmad (58988620000); Wahab, Y.A. (57203353903); Hatta, S.F.W. (22634464300); Imam, Jakaria Mahdi (58131585300); Low, Foo Wah (56513524700); Ahamed, Aziz (58988047700); Alam, Mohammad Nur-E (57189273443)","57220973693; 58988620000; 57203353903; 22634464300; 58131585300; 56513524700; 58988047700; 57189273443","Spin-coated high mobility MoO3 thin film for designing highly efficient lead-free perovskite solar cells","2024","Ceramics International","50","13","","23847","23854","7","12","10.1016/j.ceramint.2024.04.111","https://www.scopus.com/inward/record.uri?eid=2-s2.0-85190537600&doi=10.1016%2fj.ceramint.2024.04.111&partnerID=40&md5=b2cca7b06fbf037705a20892d4d78e8d","Article","Final","All Open Access; Green Open Access; Hybrid Gold Open Access","Scopus","2-s2.0-85190537600"
"Akbarzadeh O.; Mohd Zabidi N.A.; Wahab Y.A.; Hamizi N.A.; Chowdhury Z.Z.; Merican Z.M.A.; Ab Rahman M.; Akhter S.; Rasouli E.; Johan M.R.","Akbarzadeh, Omid (55984413100); Mohd Zabidi, Noor Asmawati (6507905621); Wahab, Yasmin Abdul (57203353903); Hamizi, Nor Aliya (36241689500); Chowdhury, Zaira Zaman (36975026400); Merican, Zulkifli Merican Aljunid (11139315400); Ab Rahman, Marlinda (55233671600); Akhter, Shamima (57212744179); Rasouli, Elisa (57201393781); Johan, Mohd Rafie (8727448400)","55984413100; 6507905621; 57203353903; 36241689500; 36975026400; 11139315400; 55233671600; 57212744179; 57201393781; 8727448400","Effect of cobalt catalyst confinement in carbon nanotubes support on Fischer-Tropsch synthesis performance","2018","Symmetry","10","11","572","","","","29","10.3390/sym10110572","https://www.scopus.com/inward/record.uri?eid=2-s2.0-85057865939&doi=10.3390%2fsym10110572&partnerID=40&md5=ece84c57718e8690ab3911d66be59981","Article","Final","All Open Access; Gold Open Access; Green Open Access","Scopus","2-s2.0-85057865939"
"Marlinda A.R.; An'amt M.N.; Yusoff N.; Sagadevan S.; Wahab Y.A.; Johan M.R.","Marlinda, Ab Rahman (55233671600); An'amt, Mohamed Noor (57212408460); Yusoff, Norazriena (6603277560); Sagadevan, Suresh (57793664300); Wahab, Yasmin Abdul (57203353903); Johan, Mohd Rafie (8727448400)","55233671600; 57212408460; 6603277560; 57793664300; 57203353903; 8727448400","Recent progress in nitrates and nitrites sensor with graphene-based nanocomposites as electrocatalysts","2022","Trends in Environmental Analytical Chemistry","34","","e00162","","","","49","10.1016/j.teac.2022.e00162","https://www.scopus.com/inward/record.uri?eid=2-s2.0-85130125652&doi=10.1016%2fj.teac.2022.e00162&partnerID=40&md5=e66a9fd3f146f761ecd9b3b622706f1f","Review","Final","","Scopus","2-s2.0-85130125652"
"Wahab Y.A.; Al-Ani L.A.; Khalil I.; Schmidt S.; Tran N.N.; Escribà-Gelonch M.; Woo M.W.; Davey K.; Gras S.; Hessel V.; Muhd Julkapli N.","Wahab, Yasmin Abdul (57203353903); Al-Ani, Lina A. (57195364445); Khalil, Ibrahim (57196518893); Schmidt, Svenja (58220743400); Tran, Nam Nghiep (57220895180); Escribà-Gelonch, Marc (26434181800); Woo, Meng Wai (55453111500); Davey, Kenneth (7101960361); Gras, Sally (10240970300); Hessel, Volker (7003726937); Muhd Julkapli, Nurhidayatullaili (24076546700)","57203353903; 57195364445; 57196518893; 58220743400; 57220895180; 26434181800; 55453111500; 7101960361; 10240970300; 7003726937; 24076546700","Nanomaterials: A critical review of impact on food quality control and packaging","2024","Food Control","163","","110466","","","","30","10.1016/j.foodcont.2024.110466","https://www.scopus.com/inward/record.uri?eid=2-s2.0-85189485446&doi=10.1016%2fj.foodcont.2024.110466&partnerID=40&md5=e87b15c2fb2bbcc5748f3b4dacfa06b3","Review","Final","","Scopus","2-s2.0-85189485446"
"Mohamad Saofi M.S.S.; Hussin H.; Muhamad M.; Abdul Wahab Y.","Mohamad Saofi, M.S.S. (57218954185); Hussin, H. (24776411200); Muhamad, M. (36104384600); Abdul Wahab, Y. (57203353903)","57218954185; 24776411200; 36104384600; 57203353903","Investigation of the NBTI and PBTI Effects on Multiplexer Circuit Performances","2020","IEEE International Conference on Semiconductor Electronics, Proceedings, ICSE","2020-July","","9166861","49","52","3","5","10.1109/ICSE49846.2020.9166861","https://www.scopus.com/inward/record.uri?eid=2-s2.0-85090905103&doi=10.1109%2fICSE49846.2020.9166861&partnerID=40&md5=7cd9fec8102c1d6130286971b24d03bd","Conference paper","Final","","Scopus","2-s2.0-85090905103"
"Wahab Y.A.; Soin N.; Naseer M.N.; Hussin H.; Osman R.A.M.; Johan M.R.; Hamizi N.A.; Pivehzhani O.A.; Chowdhury Z.Z.; Sagadevan S.; Sabapathy T.","Wahab, Yasmin Abdul (57203353903); Soin, Norhayati (13008659000); Naseer, Muhammad Nihal (57211979351); Hussin, Hanim (24776411200); Osman, Rozana Aina Maulat (37261764900); Johan, Mohd Rafie (8727448400); Hamizi, Nor Aliya (36241689500); Pivehzhani, Omid Akbarzadeh (55984413100); Chowdhury, Zaira Zaman (36975026400); Sagadevan, Suresh (57793664300); Sabapathy, Thennarasan (35424377200)","57203353903; 13008659000; 57211979351; 24776411200; 37261764900; 8727448400; 36241689500; 55984413100; 36975026400; 57793664300; 35424377200","Junction engineering in two-stepped recessed SiGe MOSFETs for high performance application","2020","AIP Conference Proceedings","2203","","020033","","","","5","10.1063/1.5142125","https://www.scopus.com/inward/record.uri?eid=2-s2.0-85078152480&doi=10.1063%2f1.5142125&partnerID=40&md5=fb7cef5cac4859782c04a44b4d551bba","Conference paper","Final","","Scopus","2-s2.0-85078152480"
"Islam M.A.; Sarkar D.K.; Shahinuzzaman M.; Wahab Y.A.; Khandaker M.U.; Tamam N.; Sulieman A.; Amin N.; Akhtaruzzaman M.","Islam, Mohammad Aminul (57220973693); Sarkar, Dilip Kumar (57220704093); Shahinuzzaman, Md. (57193799716); Wahab, Yasmin Abdul (57203353903); Khandaker, Mayeen Uddin (36836773700); Tamam, Nissren (57216273552); Sulieman, Abdelmoneim (22942334700); Amin, Nowshad (7102424614); Akhtaruzzaman, Md. (57195441001)","57220973693; 57220704093; 57193799716; 57203353903; 36836773700; 57216273552; 22942334700; 7102424614; 57195441001","Green Synthesis of Lead Sulphide Nanoparticles for High-Efficiency Perovskite Solar Cell Applications","2022","Nanomaterials","12","11","1933","","","","22","10.3390/nano12111933","https://www.scopus.com/inward/record.uri?eid=2-s2.0-85131648091&doi=10.3390%2fnano12111933&partnerID=40&md5=7bf194c0328db08d2ffb991129b442a4","Article","Final","All Open Access; Gold Open Access; Green Open Access","Scopus","2-s2.0-85131648091"
"Lett J.A.; Sagadevan S.; Prabhakar J.J.; Hamizi N.A.; Badruddin I.A.; Johan M.R.; Marlinda A.R.; Wahab Y.A.; Khan T.M.Y.; Kamangar S.","Lett, Jayasingh Anita (57207346061); Sagadevan, Suresh (57793664300); Prabhakar, Joseph Joyce (57211982984); Hamizi, Nor Aliya (36241689500); Badruddin, Irfan Anjum (12544753000); Johan, Mohd Rafie (8727448400); Marlinda, Ab Rahman (55233671600); Wahab, Yasmin Abdul (57203353903); Khan, Tatagar Mohammad Yunus (57455192700); Kamangar, Sarfaraz (54785996300)","57207346061; 57793664300; 57211982984; 36241689500; 12544753000; 8727448400; 55233671600; 57203353903; 57455192700; 54785996300","Drug leaching properties of Vancomycin loaded mesoporous hydroxyapatite as bone substitutes","2019","Processes","7","11","826","","","","25","10.3390/pr7110826","https://www.scopus.com/inward/record.uri?eid=2-s2.0-85075586963&doi=10.3390%2fpr7110826&partnerID=40&md5=b4973a20543ac768e6d3b6116f23ac9a","Article","Final","All Open Access; Gold Open Access; Green Open Access","Scopus","2-s2.0-85075586963"
"Mahabub Alam M.; Mohd Faudzi A.A.; Mardiah Shaharum S.; Abdul Wahab Y.; Azmeer Ab Malek M.H.; Abdul Karim M.S.; Talip Yusof N.A.","Mahabub Alam, Md (59491588100); Mohd Faudzi, Ahmad Afif (57054191200); Mardiah Shaharum, Syamimi (55540444700); Abdul Wahab, Yasmin (57203353903); Azmeer Ab Malek, Muhammad Hazarul (59491376500); Abdul Karim, Mohamad Shaiful (57201499599); Talip Yusof, Nurhafizah Abu (57208004036)","59491588100; 57054191200; 55540444700; 57203353903; 59491376500; 57201499599; 57208004036","Design and Analysis of Triple-Band SIW Antenna for K-Band and Ka-Band Applications","2024","International Exchange and Innovation Conference on Engineering and Sciences","10","","","760","766","6","4","10.5109/7323346","https://www.scopus.com/inward/record.uri?eid=2-s2.0-85213376086&doi=10.5109%2f7323346&partnerID=40&md5=7563ca91994a57c9767cce85fd1fce67","Conference paper","Final","All Open Access; Green Open Access","Scopus","2-s2.0-85213376086"
"Akbarzadeh O.; Zabidi N.A.M.; Wang G.; Kordijazi A.; Sadabadi H.; Moosavi S.; Babadi A.A.; Hamizi N.A.; Wahab Y.A.; Ab Rahman M.; Sagadevan S.; Chowdhury Z.Z.; Johan M.R.","Akbarzadeh, Omid (55984413100); Zabidi, Noor Asmawati Mohd (6507905621); Wang, Guangxin (57189501781); Kordijazi, Amir (56491317200); Sadabadi, Hamed (57216932729); Moosavi, Seyedehmaryam (55813729000); Babadi, Arman Amani (55867055000); Hamizi, Nor Aliya (36241689500); Wahab, Yasmin Abdul (57203353903); Ab Rahman, Marlinda (56988213200); Sagadevan, Suresh (57793664300); Chowdhury, Zaira Zaman (36975026400); Johan, Mohd Rafie (8727448400)","55984413100; 6507905621; 57189501781; 56491317200; 57216932729; 55813729000; 55867055000; 36241689500; 57203353903; 56988213200; 57793664300; 36975026400; 8727448400","Effect of pressure, H2/CO ratio and reduction conditions on Co-Mn/CNT bimetallic catalyst performance in Fischer-Tropsch reaction","2020","Symmetry","12","5","698","","","","17","10.3390/SYM12050698","https://www.scopus.com/inward/record.uri?eid=2-s2.0-85085394077&doi=10.3390%2fSYM12050698&partnerID=40&md5=95d7f54514faefe39c7f20124bce7938","Article","Final","All Open Access; Gold Open Access; Green Open Access","Scopus","2-s2.0-85085394077"
"Hessel V.; Escribà-Gelonch M.; Schmidt S.; Tran N.N.; Davey K.; Al-Ani L.A.; Muhd Julkapli N.; Abdul Wahab Y.; Khalil I.; Woo M.W.; Gras S.","Hessel, Volker (7003726937); Escribà-Gelonch, Marc (26434181800); Schmidt, Svenja (58220743400); Tran, Nam Nghiep (57220895180); Davey, Kenneth (7101960361); Al-Ani, Lina A. (57195364445); Muhd Julkapli, Nurhidayatullaili (24076546700); Abdul Wahab, Yasmin (57203353903); Khalil, Ibrahim (57196518893); Woo, Meng Wai (55453111500); Gras, Sally (10240970300)","7003726937; 26434181800; 58220743400; 57220895180; 7101960361; 57195364445; 24076546700; 57203353903; 57196518893; 55453111500; 10240970300","Nanofood Process Technology: Insights on How Sustainability Informs Process Design","2023","ACS Sustainable Chemistry and Engineering","11","31","","11437","11458","21","7","10.1021/acssuschemeng.3c01223","https://www.scopus.com/inward/record.uri?eid=2-s2.0-85167882844&doi=10.1021%2facssuschemeng.3c01223&partnerID=40&md5=0b082f6ff6618041c64e0da3203fa943","Article","Final","All Open Access; Green Open Access; Hybrid Gold Open Access","Scopus","2-s2.0-85167882844"
"Al Mamun M.; Wahab Y.A.; Hossain M.A.M.; Hashem A.; Johan M.R.","Al Mamun, Mohammad (59662837100); Wahab, Yasmin Abdul (57203353903); Hossain, M.A. Motalib (57226629032); Hashem, Abu (57190141083); Johan, Mohd Rafie (8727448400)","59662837100; 57203353903; 57226629032; 57190141083; 8727448400","Electrochemical biosensors with Aptamer recognition layer for the diagnosis of pathogenic bacteria: Barriers to commercialization and remediation","2021","TrAC - Trends in Analytical Chemistry","145","","116458","","","","60","10.1016/j.trac.2021.116458","https://www.scopus.com/inward/record.uri?eid=2-s2.0-85118339470&doi=10.1016%2fj.trac.2021.116458&partnerID=40&md5=b4afffb661ea162fdf46682bc7c563b2","Review","Final","","Scopus","2-s2.0-85118339470"
"Christy A.J.; Sagadevan S.; Wahab Y.A.; Nehru L.C.; Hussin H.; Alias N.E.; Maulat Osman R.A.","Christy, A. Jegatha (56783157400); Sagadevan, Suresh (57793664300); Wahab, Yasmin Abdul (57203353903); Nehru, L.C. (6506997303); Hussin, Hanim (24776411200); Alias, Nurul Ezaila (35118613500); Maulat Osman, Rozana Aina (57261588300)","56783157400; 57793664300; 57203353903; 6506997303; 24776411200; 35118613500; 57261588300","Evaluation of Physicochemical Characteristics and Antimicrobial Activities of Copper Oxide Nanoparticles Formed by the Solution Combustion Method","2021","Proceedings - 2021 IEEE Regional Symposium on Micro and Nanoelectronics, RSM 2021","","","","16","19","3","0","10.1109/RSM52397.2021.9511585","https://www.scopus.com/inward/record.uri?eid=2-s2.0-85115115610&doi=10.1109%2fRSM52397.2021.9511585&partnerID=40&md5=81b7fae1f9f8f287c8395142eee6519d","Conference paper","Final","","Scopus","2-s2.0-85115115610"
"Arafat M.Y.; Wan Muhammad Hatta S.F.; Islam M.A.; Johan M.R.; Abdul Wahab Y.","Arafat, Md. Yasir (57226548627); Wan Muhammad Hatta, Sharifah Fatmadiana (57219556611); Islam, Mohammad Aminul (57220973693); Johan, Mohd Rafie (8727448400); Abdul Wahab, Yasmin (57203353903)","57226548627; 57219556611; 57220973693; 8727448400; 57203353903","Unveiling the Impact of Electron Transport Layer and Hole Transport Layer Variations on Cs-Based Perovskite Solar Cells: A Combined Electrical and Optical Simulation Approach","2025","ChemNanoMat","11","6","e202500032","","","","1","10.1002/cnma.202500032","https://www.scopus.com/inward/record.uri?eid=2-s2.0-105006464581&doi=10.1002%2fcnma.202500032&partnerID=40&md5=ba896913ae7af81b4ba1ae03b2579275","Article","Final","All Open Access; Bronze Open Access","Scopus","2-s2.0-105006464581"
"Sallehuddin N.M.; Muhamad M.; Hussin H.; Halim A.K.; Wahab Y.A.","Sallehuddin, Nur Mahirah (57222155545); Muhamad, Maizan (36104384600); Hussin, Hanim (24776411200); Halim, Abdul Karimi (24824609100); Wahab, Yasmin Abdul (57203353903)","57222155545; 36104384600; 24776411200; 24824609100; 57203353903","Trade-offs and Optimization: Low Power Approaches for Area, Power Consumption, and Performance in Microprocessor Design","2023","Proceedings - 2023 IEEE Regional Symposium on Micro and Nanoelectronics, RSM 2023","","","","102","105","3","1","10.1109/RSM59033.2023.10327338","https://www.scopus.com/inward/record.uri?eid=2-s2.0-85179853865&doi=10.1109%2fRSM59033.2023.10327338&partnerID=40&md5=21580c5211a5cf3e15cc27e8d6aa5c66","Conference paper","Final","","Scopus","2-s2.0-85179853865"
"Nguan Kong T.S.; Alias N.E.; Hamzah A.; Kamisian I.; Peng Tan M.L.; Sheikh U.U.; Wahab Y.A.","Nguan Kong, T.S. (57261915500); Alias, N. Ezaila (35118613500); Hamzah, Afiq (55565983100); Kamisian, Izam (24448093700); Peng Tan, M.L. (57219269266); Sheikh, U. Ullah (34267792700); Wahab, Yasmin Abdul (57203353903)","57261915500; 35118613500; 55565983100; 24448093700; 57219269266; 34267792700; 57203353903","An Efficient March (5n) FSM-Based Memory Built-In Self Test (MBIST) Architecture","2021","Proceedings - 2021 IEEE Regional Symposium on Micro and Nanoelectronics, RSM 2021","","","","76","79","3","17","10.1109/RSM52397.2021.9511602","https://www.scopus.com/inward/record.uri?eid=2-s2.0-85115112588&doi=10.1109%2fRSM52397.2021.9511602&partnerID=40&md5=2d0dce5b5081bf980b4e74a353449d1a","Conference paper","Final","","Scopus","2-s2.0-85115112588"
"Rehman S.U.; Zaidi A.A.; Wahab Y.A.; Arafat M.Y.; Muhamad Hatta S.F.W.","Rehman, Sadiq Ur (55745443700); Zaidi, Asad A. (57208091318); Wahab, Yasmin Abdul (57203353903); Arafat, Md. Yasir (57226548627); Muhamad Hatta, Sharifah Fatmadiana Wan (57170711600)","55745443700; 57208091318; 57203353903; 57226548627; 57170711600","Advanced Solar-Powered Seed Sowing Machine with Precision Seeding and Smart Control Features","2023","Proceedings - 2023 IEEE Regional Symposium on Micro and Nanoelectronics, RSM 2023","","","","134","137","3","0","10.1109/RSM59033.2023.10326842","https://www.scopus.com/inward/record.uri?eid=2-s2.0-85179839566&doi=10.1109%2fRSM59033.2023.10326842&partnerID=40&md5=cfb8a2a5308a95cb8fd3b03fc60b06b3","Conference paper","Final","","Scopus","2-s2.0-85179839566"
"Ahmed S.M.; Soin N.; Wan S.F.; Hatta M.; Wahab Y.A.","Ahmed, Syed Muzamil (57192429578); Soin, Norhayati (13008659000); Wan, Sharifah Fatmadiana (57885562700); Hatta, Muhamad (57885790000); Wahab, Yasmin Abdul (57203353903)","57192429578; 13008659000; 57885562700; 57885790000; 57203353903","Ultra-Sensitive Flexible Piezoresistive Strain Sensor Simulation using Carbon Nanotube Composite","2022","IEEE International Conference on Semiconductor Electronics, Proceedings, ICSE","2022-August","","","25","28","3","0","10.1109/ICSE56004.2022.9863108","https://www.scopus.com/inward/record.uri?eid=2-s2.0-85137820351&doi=10.1109%2fICSE56004.2022.9863108&partnerID=40&md5=3479598231fc0fe42bd2f5a986c60529","Conference paper","Final","","Scopus","2-s2.0-85137820351"
"Marlinda A.R.; Yusoff N.; Pandikumar A.; Huang N.M.; Akbarzadeh O.; Sagadevan S.; Wahab Y.A.; Johan M.R.","Marlinda, A.R. (55233671600); Yusoff, N. (6603277560); Pandikumar, A. (36519334800); Huang, N.M. (56529794500); Akbarzadeh, Omid (55984413100); Sagadevan, Suresh (57793664300); Wahab, Y.A. (57203353903); Johan, M.R. (8727448400)","55233671600; 6603277560; 36519334800; 56529794500; 55984413100; 57793664300; 57203353903; 8727448400","Tailoring morphological characteristics of zinc oxide using a one-step hydrothermal method for photoelectrochemical water splitting application","2019","International Journal of Hydrogen Energy","44","33","","17535","17543","8","43","10.1016/j.ijhydene.2019.05.109","https://www.scopus.com/inward/record.uri?eid=2-s2.0-85066798947&doi=10.1016%2fj.ijhydene.2019.05.109&partnerID=40&md5=36e269dcca08d0aba4702a0ff348eb35","Article","Final","","Scopus","2-s2.0-85066798947"
"Akbarzadeh O.; Mohd Zabidi N.A.; Abdul Wahab Y.; Hamizi N.A.; Chowdhury Z.Z.; Merican Aljunid Merican Z.; Rahman M.A.; Akhter S.; Shalauddin M.; Johan M.R.","Akbarzadeh, Omid (55984413100); Mohd Zabidi, Noor Asmawati (6507905621); Abdul Wahab, Yasmin (57203353903); Hamizi, Nor Aliya (36241689500); Chowdhury, Zaira Zaman (36975026400); Merican Aljunid Merican, Zulkifli (57211040570); Rahman, Marlinda Ab (55233671600); Akhter, Shamima (57212744179); Shalauddin, Md (57196002032); Johan, Mohd Rafie (8727448400)","55984413100; 6507905621; 57203353903; 36241689500; 36975026400; 57211040570; 55233671600; 57212744179; 57196002032; 8727448400","Effects of cobalt loading, particle size, and calcination condition on Co/CNT catalyst performance in Fischer-Tropsch reactions","2019","Symmetry","11","1","7","","","","28","10.3390/sym11010007","https://www.scopus.com/inward/record.uri?eid=2-s2.0-85061078201&doi=10.3390%2fsym11010007&partnerID=40&md5=7c148a906cddcd7fc791f6754d5e9c09","Article","Final","All Open Access; Gold Open Access; Green Open Access","Scopus","2-s2.0-85061078201"
"Rahman S.; Hatta S.F.W.M.; Soin N.; Wahab Y.A.","Rahman, Sharidya (58643451800); Hatta, Sharifah Fatmadiana Wan Muhammad (22634464300); Soin, Norhayati (13008659000); Wahab, Yasmin Abdul (57203353903)","58643451800; 22634464300; 13008659000; 57203353903","Small signal microwave characteristics and optimization of δ-doped layer positioning in submicron InGaAs HEMT","2019","Proceedings of the International Symposium on the Physical and Failure Analysis of Integrated Circuits, IPFA","","","8984812","","","","0","10.1109/IPFA47161.2019.8984812","https://www.scopus.com/inward/record.uri?eid=2-s2.0-85082567433&doi=10.1109%2fIPFA47161.2019.8984812&partnerID=40&md5=b52b8712d5aedce6ceb761e27a352cac","Conference paper","Final","","Scopus","2-s2.0-85082567433"
"Hamizi N.A.; Johan M.R.; Chowdhury Z.Z.; Wahab Y.A.; Al-Douri Y.; Saat A.M.; Pivehzhani O.A.","Hamizi, Nor Aliya (36241689500); Johan, Mohd Rafie (8727448400); Chowdhury, Zaira Zaman (36975026400); Wahab, Yasmin Abdul (57203353903); Al-Douri, Yarub (6701757524); Saat, Asmalina Mohamed (57204348124); Pivehzhani, Omid Akbarzadeh (55984413100)","36241689500; 8727448400; 36975026400; 57203353903; 6701757524; 57204348124; 55984413100","Optical structure modification induced by lattice strain in Mn-doped CdSe QDs","2018","Optical Materials","86","","","441","448","7","7","10.1016/j.optmat.2018.10.041","https://www.scopus.com/inward/record.uri?eid=2-s2.0-85055415346&doi=10.1016%2fj.optmat.2018.10.041&partnerID=40&md5=a2132ccc9682b0f573a2ae1c5ffa48c0","Article","Final","","Scopus","2-s2.0-85055415346"
"Hussin H.; Soin N.; Wan Muhamad Hatta S.F.; Md Rezali F.A.; Abdul Wahab Y.","Hussin, Hanim (24776411200); Soin, Norhayati (13008659000); Wan Muhamad Hatta, Sharifah Fatmadiana (35184383500); Md Rezali, Fazliyatul Azwa (57188846130); Abdul Wahab, Yasmin (57203353903)","24776411200; 13008659000; 35184383500; 57188846130; 57203353903","Review - Recent Progress in the Diversity of Inkjet-Printed Flexible Sensor Structures in Biomedical Engineering Applications","2021","Journal of the Electrochemical Society","168","7","077508","","","","31","10.1149/1945-7111/ac0e4b","https://www.scopus.com/inward/record.uri?eid=2-s2.0-85111749411&doi=10.1149%2f1945-7111%2fac0e4b&partnerID=40&md5=0a26eebf288c9f387b2611b3a0e78cc0","Article","Final","","Scopus","2-s2.0-85111749411"
"Mamun M.A.; Wahab Y.A.; Hossain M.A.M.; Hashem A.; Hamizi N.A.; Chowdhury Z.Z.; Muhamad Hattad S.F.W.; Badruddin I.A.; Kamangar S.; Johan M.R.","Mamun, Mohammad Al (60016562100); Wahab, Yasmin Abdul (57203353903); Hossain, M. A. Motalib (57226629032); Hashem, Abu (57190141083); Hamizi, Nor Aliya (36241689500); Chowdhury, Zaira Zaman (36975026400); Muhamad Hattad, Sharifah Fatmadiana Wan (58522282400); Badruddin, Irfan Anjum (12544753000); Kamangar, Sarfaraz (54785996300); Johan, Mohd Rafie (8727448400)","60016562100; 57203353903; 57226629032; 57190141083; 36241689500; 36975026400; 58522282400; 12544753000; 54785996300; 8727448400","Differential Pulse Voltammetric Tuning of the Screen-Printed Carbon Electrode Surface to Enhance the Electrochemical Performance and Multiplex Detection","2023","Journal of the Electrochemical Society","170","7","076510","","","","1","10.1149/1945-7111/ace7f8","https://www.scopus.com/inward/record.uri?eid=2-s2.0-85166617710&doi=10.1149%2f1945-7111%2face7f8&partnerID=40&md5=005300be7833a603cdd50244db4d42c6","Article","Final","","Scopus","2-s2.0-85166617710"
"Al Mamun M.; Wahab Y.A.; Hossain M.A.M.; Nam H.Y.; Johan M.R.; Alias N.E.; Hussin H.; Muhamad M.","Al Mamun, Mohammad (59662837100); Wahab, Yasmin Abdul (57203353903); Hossain, M. A. Motalib (57226629032); Nam, Hui Yin (59368725800); Johan, Mohd Rafie (8727448400); Alias, Nurul Ezaila (35118613500); Hussin, Hanim (24776411200); Muhamad, Maizan (36104384600)","59662837100; 57203353903; 57226629032; 59368725800; 8727448400; 35118613500; 24776411200; 36104384600","Comparative Electrochemical Performance of Screen Printed Carbon, Gold and Graphene Electrodes","2024","IEEE International Conference on Semiconductor Electronics, Proceedings, ICSE","","","","136","139","3","3","10.1109/ICSE62991.2024.10681375","https://www.scopus.com/inward/record.uri?eid=2-s2.0-85206491403&doi=10.1109%2fICSE62991.2024.10681375&partnerID=40&md5=17291a4d96b706514f0a0c18e4637915","Conference paper","Final","","Scopus","2-s2.0-85206491403"
"Sam C.C.; Osman R.A.M.; Idris M.S.; Wahab Y.A.","Sam, Chow Chun (57226374906); Osman, Rozana Aina Maulat (37261764900); Idris, Mohd Sobri (55898869500); Wahab, Yasmin Abdul (57203353903)","57226374906; 37261764900; 55898869500; 57203353903","The structural analysis of calcium doped BaTiO3","2021","AIP Conference Proceedings","2347","","020002","","","","0","10.1063/5.0051866","https://www.scopus.com/inward/record.uri?eid=2-s2.0-85111355700&doi=10.1063%2f5.0051866&partnerID=40&md5=ab21967ae8b12600bec1347a82a9a71c","Conference paper","Final","","Scopus","2-s2.0-85111355700"
"Al-Douri Y.; Odeh A.A.; Wahab Y.A.; Voon C.H.","Al-Douri, Y. (6701757524); Odeh, Ali Abu (57190049238); Wahab, Yasmin Abdul (57203353903); Voon, C.H. (55334719400)","6701757524; 57190049238; 57203353903; 55334719400","Correlation Between Magnetization and Particle Size of CdS Nanostructures by Solvothermal Method","2019","Journal of Superconductivity and Novel Magnetism","32","2","","283","289","6","11","10.1007/s10948-018-4947-6","https://www.scopus.com/inward/record.uri?eid=2-s2.0-85058289175&doi=10.1007%2fs10948-018-4947-6&partnerID=40&md5=9a5c9da33dea8c58d56fd05e4af04a8c","Article","Final","","Scopus","2-s2.0-85058289175"
"Chowdhury Z.Z.; Krishnan B.; Sagadevan S.; Rafique R.F.; Hamizi N.A.B.; Wahab Y.A.; Khan A.A.; Bin Johan R.; Al-Douri Y.; Kazi S.N.; Shah S.T.","Chowdhury, Zaira Zaman (36975026400); Krishnan, Bagavathi (57203353945); Sagadevan, Suresh (57793664300); Rafique, Rahman Faizur (55334765500); Hamizi, Nor Aliya Binti (36241689500); Wahab, Yasmin Abdul (57203353903); Khan, Ali Akbar (57203359973); Bin Johan, Rafie (57203356090); Al-Douri, Y. (6701757524); Kazi, Salim Newaz (7003406290); Shah, Syed Tawab (57193892407)","36975026400; 57203353945; 57793664300; 55334765500; 36241689500; 57203353903; 57203359973; 57203356090; 6701757524; 7003406290; 57193892407","Effect of temperature on the physical, electro-chemical and adsorption properties of carbon micro-spheres using hydrothermal carbonization process","2018","Nanomaterials","8","8","597","","","","46","10.3390/nano8080597","https://www.scopus.com/inward/record.uri?eid=2-s2.0-85051370426&doi=10.3390%2fnano8080597&partnerID=40&md5=6804f8aaf166063c4ac9db53ddb88ba8","Article","Final","All Open Access; Gold Open Access; Green Open Access","Scopus","2-s2.0-85051370426"
"Islam M.A.; Nur-E-Alam M.; Hatta S.F.W.M.; Mohafez H.; Misran H.; Wahab Y.A.; Chowdhury Z.Z.; Soin N.B.","Islam, Mohammad Aminul (57220973693); Nur-E-Alam, Mohammad (57197752581); Hatta, S. F. W. Muhamad (22634464300); Mohafez, Hamidreza (57189693027); Misran, Halina (6506899840); Wahab, Yasmin Abdul (57203353903); Chowdhury, Zaira Zaman (36975026400); Soin, Norhayati Binti (13008659000)","57220973693; 57197752581; 22634464300; 57189693027; 6506899840; 57203353903; 36975026400; 13008659000","Ultra-thin CdTe film properties enhancement via eco-friendly MgCl2-assisted thermal treatment","2024","Journal of Optics (India)","53","5","","4690","4697","7","5","10.1007/s12596-023-01621-z","https://www.scopus.com/inward/record.uri?eid=2-s2.0-85185960987&doi=10.1007%2fs12596-023-01621-z&partnerID=40&md5=00d2adbf9514fdbafb206e134cd584e2","Article","Final","All Open Access; Hybrid Gold Open Access","Scopus","2-s2.0-85185960987"
"Mamun M.A.; Wahab Y.A.; Motalib Hossain M.A.; Hashem A.; Khan K.A.; Johan M.R.; Hussin H.; Alias N.E.","Mamun, Mohammad Al (60016562100); Wahab, Yasmin Abdul (57203353903); Motalib Hossain, M.A. (57226629032); Hashem, Abu (57190141083); Khan, Kamrul Alam (57193013669); Johan, Mohd Rafie (8727448400); Hussin, Hanim (24776411200); Alias, Nurul Ezaila (35118613500)","60016562100; 57203353903; 57226629032; 57190141083; 57193013669; 8727448400; 24776411200; 35118613500","Electrochemistry of Green Ag Nanoparticles Modified Electrode Surface","2022","IEEE International Conference on Semiconductor Electronics, Proceedings, ICSE","2022-August","","","37","40","3","2","10.1109/ICSE56004.2022.9863176","https://www.scopus.com/inward/record.uri?eid=2-s2.0-85137815040&doi=10.1109%2fICSE56004.2022.9863176&partnerID=40&md5=1d32b165a57eb9d7c7fa2199cc69e57f","Conference paper","Final","","Scopus","2-s2.0-85137815040"
"Pivehzhani O.A.; Kordijazi A.; Sagadevan S.; Moosavi S.; Babadi A.A.; Wahab Y.A.; Hamizi N.A.; Chowdhury Z.Z.","Pivehzhani, Omid Akbarzadeh (55984413100); Kordijazi, Amir (56491317200); Sagadevan, Suresh (57793664300); Moosavi, Seyedehmaryam (55813729000); Babadi, Arman Amani (55867055000); Wahab, Yasmin Abdul (57203353903); Hamizi, Nor Aliya (36241689500); Chowdhury, Zaira Zaman (36975026400)","55984413100; 56491317200; 57793664300; 55813729000; 55867055000; 57203353903; 36241689500; 36975026400","Syngas to Green Fuel Conversion: Nanocatalysis Approach","2020","ACS Symposium Series","1359","","","545","579","34","1","10.1021/bk-2020-1359.ch018","https://www.scopus.com/inward/record.uri?eid=2-s2.0-85097330575&doi=10.1021%2fbk-2020-1359.ch018&partnerID=40&md5=760431297d4e1d0a1209ab1d0dbf6d80","Book chapter","Final","","Scopus","2-s2.0-85097330575"
"Al-Douri Y.; Wahab Y.A.; Hamizi N.A.","Al-Douri, Y. (6701757524); Wahab, Yasmin Abdul (57203353903); Hamizi, Nor Aliya (36241689500)","6701757524; 57203353903; 36241689500","Physical studies of metal oxide powders","2020","Metal Oxide Powder Technologies: Fundamentals, Processing Methods and Applications","","","","1","15","14","5","10.1016/B978-0-12-817505-7.00001-4","https://www.scopus.com/inward/record.uri?eid=2-s2.0-85142568056&doi=10.1016%2fB978-0-12-817505-7.00001-4&partnerID=40&md5=cee0b55f7b4d34b15e561a17a15d2c04","Book chapter","Final","","Scopus","2-s2.0-85142568056"
"Hamizi N.A.; Johan M.R.; Chowdhury Z.Z.; Wahab Y.A.; Al-Douri Y.; Saat A.M.; Pivehzhani O.A.","Hamizi, Nor Aliya (36241689500); Johan, Mohd Rafie (8727448400); Chowdhury, Zaira Zaman (36975026400); Wahab, Yasmin Abdul (57203353903); Al-Douri, Yarub (6701757524); Saat, Asmalina Mohamed (57204348124); Pivehzhani, Omid Akbarzadeh (55984413100)","36241689500; 8727448400; 36975026400; 57203353903; 6701757524; 57204348124; 55984413100","Raman spectroscopy and FTIR spectroscopy studies of Mn-doped CdSe QDs at different particles size","2019","Optik","179","","","628","631","3","14","10.1016/j.ijleo.2018.10.214","https://www.scopus.com/inward/record.uri?eid=2-s2.0-85056453544&doi=10.1016%2fj.ijleo.2018.10.214&partnerID=40&md5=b91c2098c78f9be520090d6a04b2dd14","Article","Final","","Scopus","2-s2.0-85056453544"
"Naseer M.N.; Zaidi A.A.; Khan H.; Kumar S.; Owais M.T.B.; Wahab Y.A.; Dutta K.; Jaafar J.; Hamizi N.A.; Islam M.A.; Hussin H.; Badruddin I.A.; Alrobei H.","Naseer, Muhammad Nihal (57211979351); Zaidi, Asad A. (57208091318); Khan, Hamdullah (57226029980); Kumar, Sagar (57226008458); Owais, Muhammad Taha Bin (59270837000); Wahab, Yasmin Abdul (57203353903); Dutta, Kingshuk (7005115695); Jaafar, Juhana (50261750000); Hamizi, Nor Aliya (36241689500); Islam, Mohammad Aminul (57220973693); Hussin, Hanim (24776411200); Badruddin, Irfan Anjum (12544753000); Alrobei, Hussein (57200047367)","57211979351; 57208091318; 57226029980; 57226008458; 59270837000; 57203353903; 7005115695; 50261750000; 36241689500; 57220973693; 24776411200; 12544753000; 57200047367","Statistical modeling and performance optimization of a two-chamber microbial fuel cell by response surface methodology","2021","Catalysts","11","10","1202","","","","12","10.3390/catal11101202","https://www.scopus.com/inward/record.uri?eid=2-s2.0-85116090535&doi=10.3390%2fcatal11101202&partnerID=40&md5=b68c99604e9858f74cd62c76fd1e9ab4","Article","Final","All Open Access; Gold Open Access; Green Open Access","Scopus","2-s2.0-85116090535"
"Mamun M.A.; Abdul Wahab Y.; Motalib Hossain M.A.; Hashem A.; Johan M.R.; Ezaila Alias N.; Hussin H.; Muhamad M.","Mamun, Mohammad Al (60016562100); Abdul Wahab, Yasmin (57203353903); Motalib Hossain, M.A. (57226629032); Hashem, Abu (57190141083); Johan, Mohd Rafie (8727448400); Ezaila Alias, Nurul (57202362223); Hussin, Hanim (24776411200); Muhamad, Maizan (36104384600)","60016562100; 57203353903; 57226629032; 57190141083; 8727448400; 57202362223; 24776411200; 36104384600","Determination of the Aptamer Probe Density by Double Layer and Redox Capacitance of CNT-Based Electrochemical DNA-Aptasensors","2023","Proceedings - 2023 IEEE Regional Symposium on Micro and Nanoelectronics, RSM 2023","","","","74","77","3","1","10.1109/RSM59033.2023.10327172","https://www.scopus.com/inward/record.uri?eid=2-s2.0-85179843421&doi=10.1109%2fRSM59033.2023.10327172&partnerID=40&md5=2114e90b773c4a1697aff6508f438b7a","Conference paper","Final","","Scopus","2-s2.0-85179843421"
"Chandran M.; Fadila Mahrom N.; Sabapathy T.; Jusoh M.; Nasrun Osman M.; Najib Yasin M.; Hambali N.A.M.; Jamaluddin R.; Ali N.; Abdul Wahab Y.","Chandran, Mehala (57213519770); Fadila Mahrom, Nur (57213520460); Sabapathy, Thennarasan (35424377200); Jusoh, Muzammil (24483755700); Nasrun Osman, Mohd (57189062688); Najib Yasin, Mohd (57213519348); Hambali, N.A.M. (27567626900); Jamaluddin, R. (57214102083); Ali, N. (58768841500); Abdul Wahab, Yasmin (57203353903)","57213519770; 57213520460; 35424377200; 24483755700; 57189062688; 57213519348; 27567626900; 57214102083; 58768841500; 57203353903","An IoT Based Smart Parking System","2019","Journal of Physics: Conference Series","1339","1","012044","","","","24","10.1088/1742-6596/1339/1/012044","https://www.scopus.com/inward/record.uri?eid=2-s2.0-85077811784&doi=10.1088%2f1742-6596%2f1339%2f1%2f012044&partnerID=40&md5=b0e8e277fd7e23818869100d40eb0ecf","Conference paper","Final","All Open Access; Gold Open Access","Scopus","2-s2.0-85077811784"
"Hussin H.; Soin N.; Bukhori M.F.; Wan Muhamad Hatta S.; Abdul Wahab Y.","Hussin, H. (24776411200); Soin, N. (13008659000); Bukhori, M.F. (23007725800); Wan Muhamad Hatta, S. (35184383500); Abdul Wahab, Y. (57203353903)","24776411200; 13008659000; 23007725800; 35184383500; 57203353903","Effects of gate stack structural and process defectivity on high- k dielectric dependence of nbti reliability in 32 nm technology node PMOSFETs","2014","Scientific World Journal","2014","","490829","","","","6","10.1155/2014/490829","https://www.scopus.com/inward/record.uri?eid=2-s2.0-84907247108&doi=10.1155%2f2014%2f490829&partnerID=40&md5=f77250ab883240279ac9237ca0978fb4","Article","Final","All Open Access; Gold Open Access; Green Open Access","Scopus","2-s2.0-84907247108"
"Shahabuddin S.; Soin N.; Goh K.K.; Abdul Wahab Y.; Hussin H.","Shahabuddin, S. (57200288308); Soin, N. (13008659000); Goh, K.K. (55602647400); Abdul Wahab, Y. (57203353903); Hussin, H. (24776411200)","57200288308; 13008659000; 55602647400; 57203353903; 24776411200","Voltage dependences of parameter drifts in hot carrier degradation for n-channel LDMOS transistors","2013","Microelectronic Engineering","109","","","101","104","3","8","10.1016/j.mee.2013.03.051","https://www.scopus.com/inward/record.uri?eid=2-s2.0-84876751785&doi=10.1016%2fj.mee.2013.03.051&partnerID=40&md5=e1b44b92e68769f8ccad9de8644a7543","Article","Final","","Scopus","2-s2.0-84876751785"
"Wahab Y.A.; Ahmad A.F.; Awang Z.","Wahab, Yasmin Abdul (57203353903); Ahmad, Anuar Fadzil (22633668000); Awang, Zaiki (22633732400)","57203353903; 22633668000; 22633732400","Comparison of missing metal defect formation on He in-situ and furnace annealed electroplated copper films","2006","SCOReD 2006 - Proceedings of 2006 4th Student Conference on Research and Development ""Towards Enhancing Research Excellence in the Region""","","","4339307","53","57","4","2","10.1109/SCORED.2006.4339307","https://www.scopus.com/inward/record.uri?eid=2-s2.0-46849111800&doi=10.1109%2fSCORED.2006.4339307&partnerID=40&md5=9ae7d92d832a8e5bd56d16697929d0e0","Conference paper","Final","","Scopus","2-s2.0-46849111800"
"Abdul Wahab Y.; Ahmad A.F.; Hussin H.; Soin N.","Abdul Wahab, Y. (57203353903); Ahmad, A.F. (22633668000); Hussin, H. (24776411200); Soin, N. (13008659000)","57203353903; 22633668000; 24776411200; 13008659000","Reduction of annealed-induced wafer defects in dual-damascene copper interconnects","2012","Microelectronics Reliability","52","9-10","","1975","1980","5","7","10.1016/j.microrel.2012.07.008","https://www.scopus.com/inward/record.uri?eid=2-s2.0-84866736037&doi=10.1016%2fj.microrel.2012.07.008&partnerID=40&md5=df23c87ff96874d44e22384c15dde7f6","Article","Final","","Scopus","2-s2.0-84866736037"
"Wahab Y.A.; Ahmad A.F.; Awang Z.","Wahab, Yasmin Abdul (57203353903); Ahmad, Anuar Fadzil (22633668000); Awang, Zaiki (22633732400)","57203353903; 22633668000; 22633732400","Queue time impact on defectivity at post copper barrier seed, electrochemical plating, anneals and chemical mechanical polishing","2006","IEEE International Conference on Semiconductor Electronics, Proceedings, ICSE","","","4266760","938","943","5","3","10.1109/SMELEC.2006.380777","https://www.scopus.com/inward/record.uri?eid=2-s2.0-35148816626&doi=10.1109%2fSMELEC.2006.380777&partnerID=40&md5=9dda5faf170d69cf431eaa44d4403fdc","Conference paper","Final","","Scopus","2-s2.0-35148816626"
"Hussin H.; Soin N.; Bukhori M.F.; Abdul Wahab Y.; Shahabuddin S.","Hussin, H. (24776411200); Soin, N. (13008659000); Bukhori, M.F. (23007725800); Abdul Wahab, Y. (57203353903); Shahabuddin, S. (57200288308)","24776411200; 13008659000; 23007725800; 57203353903; 57200288308","New simulation method to characterize the recoverable component of dynamic negative-bias temperature instability in p-channel metal-oxide-semiconductor field-effect transistors","2014","Journal of Electronic Materials","43","4","","1207","1213","6","6","10.1007/s11664-014-2978-8","https://www.scopus.com/inward/record.uri?eid=2-s2.0-84899085712&doi=10.1007%2fs11664-014-2978-8&partnerID=40&md5=4d69a5a53b0423cc15e7931b5e6e9bea","Article","Final","","Scopus","2-s2.0-84899085712"
"Hussin H.; Muhamad M.; Abdul Wahab Y.; Shahabuddin S.; Soin N.; Bukhori M.F.","Hussin, H. (24776411200); Muhamad, M. (36104384600); Abdul Wahab, Y. (57203353903); Shahabuddin, S. (57200288308); Soin, N. (13008659000); Bukhori, M.F. (23007725800)","24776411200; 36104384600; 57203353903; 57200288308; 13008659000; 23007725800","A study using two stage NBTI model for 32 nm high-k PMOSFET","2013","2013 IEEE International Conference of Electron Devices and Solid-State Circuits, EDSSC 2013","","","6628108","","","","2","10.1109/EDSSC.2013.6628108","https://www.scopus.com/inward/record.uri?eid=2-s2.0-84890487616&doi=10.1109%2fEDSSC.2013.6628108&partnerID=40&md5=8c07bc84e7cd1e8fe4be90ee9142c777","Conference paper","Final","","Scopus","2-s2.0-84890487616"
